liga,family,period,direction,predictions,hit_rate,brier
brasileirao,1x2,FT,away,1855,0.2544474393530997,0.19167331403711232
brasileirao,1x2,FT,draw,1855,0.2679245283018868,0.19600781761107933
brasileirao,1x2,FT,home,1855,0.4776280323450135,0.24784269991618496
brasileirao,1x2,HT,away,1855,0.1967654986522911,0.1592539582599089
brasileirao,1x2,HT,draw,1855,0.44258760107816714,0.24779256247368775
brasileirao,1x2,HT,home,1855,0.36064690026954177,0.22773751056404776
brasileirao,btts,FT,nao,1855,0.5132075471698113,0.2611125610381062
brasileirao,btts,FT,sim,1855,0.4867924528301887,0.2611125610381062
brasileirao,btts,HT,nao,1855,0.8172506738544474,0.1525326641156567
brasileirao,btts,HT,sim,1855,0.18274932614555256,0.1525326641156567
brasileirao,cartoes,FT,over,27825,0.6089847259658581,0.17916604859465438
brasileirao,cartoes,FT,under,27825,0.39101527403414194,0.17916604859465438
brasileirao,cartoes,HT,over,14840,0.45404312668463614,0.21470087397513052
brasileirao,cartoes,HT,under,14840,0.5459568733153639,0.21470087397513052
brasileirao,cartoes_1x2,FT,away,1855,0.461455525606469,0.2520694977103782
brasileirao,cartoes_1x2,FT,draw,1855,0.19622641509433963,0.15810617091401924
brasileirao,cartoes_1x2,FT,home,1855,0.3423180592991914,0.22667197644420153
brasileirao,chutes,FT,over,42665,0.5468182350873081,0.20213106680664106
brasileirao,chutes,FT,under,42665,0.4531817649126919,0.20213106680664106
brasileirao,chutes,HT,over,24115,0.6323035455110927,0.2047953435238329
brasileirao,chutes,HT,under,24115,0.3676964544889073,0.2047953435238329
brasileirao,chutes_1x2,FT,away,1855,0.31266846361185985,0.21022998779599286
brasileirao,chutes_1x2,FT,draw,1855,0.03288409703504043,0.03284087078186438
brasileirao,chutes_1x2,FT,home,1855,0.6544474393530997,0.2201873930528042
brasileirao,chutes_1x2,HT,away,1855,0.2981132075471698,0.20127549634218064
brasileirao,chutes_1x2,HT,draw,1855,0.07816711590296496,0.07245611915965697
brasileirao,chutes_1x2,HT,home,1855,0.6237196765498653,0.22516478478669225
brasileirao,chutes_alvo,FT,over,31535,0.44150943396226416,0.19802168162881484
brasileirao,chutes_alvo,FT,under,31535,0.5584905660377358,0.19802168162881484
brasileirao,chutes_alvo,HT,over,22260,0.4744833782569632,0.1950838043088006
brasileirao,chutes_alvo,HT,under,22260,0.5255166217430368,0.1950838043088006
brasileirao,chutes_alvo_1x2,FT,away,1855,0.3078167115902965,0.22824185717705658
brasileirao,chutes_alvo_1x2,FT,draw,1855,0.11266846361185984,0.10061531194440357
brasileirao,chutes_alvo_1x2,FT,home,1855,0.5795148247978437,0.2657315669892153
brasileirao,chutes_alvo_1x2,HT,away,1855,0.3008086253369272,0.21785375431269643
brasileirao,chutes_alvo_1x2,HT,draw,1855,0.19137466307277629,0.15583597332572094
brasileirao,chutes_alvo_1x2,HT,home,1855,0.5078167115902965,0.2643769008137759
brasileirao,dupla,FT,12,1855,0.7320754716981132,0.19600781761453087
brasileirao,dupla,FT,1x,1855,0.7455525606469002,0.19167331402845833
brasileirao,dupla,FT,x2,1855,0.5223719676549865,0.24784269992138738
brasileirao,dupla,HT,12,1855,0.5574123989218329,0.24779256247078102
brasileirao,dupla,HT,1x,1855,0.8032345013477089,0.15925395825592753
brasileirao,dupla,HT,x2,1855,0.6393530997304582,0.2277375105709359
brasileirao,escanteios,FT,over,37100,0.4653908355795148,0.2001754115546318
brasileirao,escanteios,FT,under,37100,0.5346091644204852,0.2001754115546318
brasileirao,escanteios,HT,over,27825,0.491392632524708,0.18413221010954425
brasileirao,escanteios,HT,under,27825,0.508607367475292,0.18413221010954425
brasileirao,escanteios_1x2,FT,away,1855,0.3444743935309973,0.2244289740803985
brasileirao,escanteios_1x2,FT,draw,1855,0.08194070080862534,0.07629451146822672
brasileirao,escanteios_1x2,FT,home,1855,0.5735849056603773,0.24281697329136046
brasileirao,escanteios_1x2,HT,away,1855,0.3148247978436658,0.2109212340995
brasileirao,escanteios_1x2,HT,draw,1855,0.14016172506738545,0.12285217548451266
brasileirao,escanteios_1x2,HT,home,1855,0.5450134770889488,0.2454415733684347
brasileirao,escanteios_handicap,FT,away_minus_1_5,1855,0.2684636118598383,0.26853597206961954
brasileirao,escanteios_handicap,FT,away_minus_2_5,1855,0.20107816711590296,0.3654289944502985
brasileirao,escanteios_handicap,FT,away_minus_3_5,1855,0.1477088948787062,0.4955985474893011
brasileirao,escanteios_handicap,FT,away_minus_4_5,1855,0.09703504043126684,0.6359868057797795
brasileirao,escanteios_handicap,FT,away_plus_1_5,1855,0.5234501347708895,0.3442383279537532
brasileirao,escanteios_handicap,FT,away_plus_2_5,1855,0.6064690026954178,0.4580944642884456
brasileirao,escanteios_handicap,FT,away_plus_3_5,1855,0.6846361185983828,0.5793064411037089
brasileirao,escanteios_handicap,FT,away_plus_4_5,1855,0.7676549865229111,0.6996930001713938
brasileirao,escanteios_handicap,FT,home_minus_1_5,1855,0.4765498652291105,0.24665565702945477
brasileirao,escanteios_handicap,FT,home_minus_2_5,1855,0.3935309973045822,0.236911021673408
brasileirao,escanteios_handicap,FT,home_minus_3_5,1855,0.31536388140161725,0.2177953413709473
brasileirao,escanteios_handicap,FT,home_minus_4_5,1855,0.23234501347708894,0.17949963533373436
brasileirao,escanteios_handicap,FT,home_plus_1_5,1855,0.7315363881401618,0.1966375142400465
brasileirao,escanteios_handicap,FT,home_plus_2_5,1855,0.798921832884097,0.16282918670610763
brasileirao,escanteios_handicap,FT,home_plus_3_5,1855,0.8522911051212938,0.12897018020137482
brasileirao,escanteios_handicap,FT,home_plus_4_5,1855,0.9029649595687331,0.0898317791729795
brasileirao,escanteios_handicap,HT,away_minus_1_5,1855,0.20107816711590296,0.39676866770292424
brasileirao,escanteios_handicap,HT,away_minus_2_5,1855,0.10512129380053908,0.6202272322372623
brasileirao,escanteios_handicap,HT,away_plus_1_5,1855,0.6221024258760108,0.44007998756465194
brasileirao,escanteios_handicap,HT,away_plus_2_5,1855,0.7487870619946092,0.6415696353779482
brasileirao,escanteios_handicap,HT,home_minus_1_5,1855,0.3778975741239892,0.23650564980044397
brasileirao,escanteios_handicap,HT,home_minus_2_5,1855,0.25121293800539085,0.19338230656532332
brasileirao,escanteios_handicap,HT,home_plus_1_5,1855,0.798921832884097,0.1603911765192613
brasileirao,escanteios_handicap,HT,home_plus_2_5,1855,0.894878706199461,0.0938823270791188
brasileirao,escanteios_oddeven,FT,impar,1855,0.505121293800539,0.24999999997819156
brasileirao,escanteios_oddeven,FT,par,1855,0.4948787061994609,0.249999999957792
brasileirao,escanteios_oddeven,HT,impar,1855,0.492722371967655,0.2499960265470829
brasileirao,escanteios_oddeven,HT,par,1855,0.507277628032345,0.2499960265470829
brasileirao,faltas,FT,over,25970,0.7085483249903735,0.1758807995061183
brasileirao,faltas,FT,under,25970,0.2914516750096265,0.1758807995061183
brasileirao,gols,2T,over,7420,0.3300539083557951,0.14900928450997833
brasileirao,gols,2T,under,7420,0.6699460916442048,0.14900928450997833
brasileirao,gols,FT,over,29680,0.3015835579514825,0.1258776136340993
brasileirao,gols,FT,under,29680,0.6984164420485175,0.1258776136340993
brasileirao,gols,HT,over,14840,0.26880053908355794,0.15182163908162263
brasileirao,gols,HT,under,14840,0.7311994609164421,0.15182163908162263
brasileirao,gols_oddeven,FT,impar,1855,0.5121293800539084,0.2506324337662078
brasileirao,gols_oddeven,FT,par,1855,0.48787061994609165,0.2506324337603444
brasileirao,gols_oddeven,HT,impar,1855,0.4522911051212938,0.24928447020047773
brasileirao,gols_oddeven,HT,par,1855,0.5477088948787062,0.24928447019855582
brasileirao,impedimentos,FT,over,18550,0.3961725067385445,0.19681019804455396
brasileirao,impedimentos,FT,under,18550,0.6038274932614556,0.19681019804455396
brasileirao-b,1x2,FT,away,314,0.24522292993630573,0.19646573192672784
brasileirao-b,1x2,FT,draw,314,0.321656050955414,0.22463007691184386
brasileirao-b,1x2,FT,home,314,0.43312101910828027,0.27932693015955457
brasileirao-b,1x2,HT,away,314,0.1942675159235669,0.15636083709106427
brasileirao-b,1x2,HT,draw,314,0.535031847133758,0.26315788808550306
brasileirao-b,1x2,HT,home,314,0.27070063694267515,0.216206513429787
brasileirao-b,btts,FT,nao,314,0.4872611464968153,0.2786680895354948
brasileirao-b,btts,FT,sim,314,0.5127388535031847,0.2786680895354948
brasileirao-b,btts,HT,nao,314,0.802547770700637,0.16908665620827218
brasileirao-b,btts,HT,sim,314,0.19745222929936307,0.16908665620827218
brasileirao-b,cartoes,FT,over,4710,0.6373673036093418,0.17972603856475028
brasileirao-b,cartoes,FT,under,4710,0.36263269639065815,0.17972603856475028
brasileirao-b,cartoes,HT,over,2512,0.47253184713375795,0.21070864757210186
brasileirao-b,cartoes,HT,under,2512,0.527468152866242,0.21070864757210186
brasileirao-b,cartoes_1x2,FT,away,314,0.42356687898089174,0.25733364509020024
brasileirao-b,cartoes_1x2,FT,draw,314,0.21337579617834396,0.16947316569807236
brasileirao-b,cartoes_1x2,FT,home,314,0.3630573248407643,0.2378325891154147
brasileirao-b,chutes,FT,over,7222,0.5666020492938244,0.20576350896128662
brasileirao-b,chutes,FT,under,7222,0.4333979507061756,0.20576350896128662
brasileirao-b,chutes,HT,over,4082,0.6641352278294953,0.1994124406016191
brasileirao-b,chutes,HT,under,4082,0.33586477217050464,0.1994124406016191
brasileirao-b,chutes_1x2,FT,away,314,0.2898089171974522,0.20124415399125567
brasileirao-b,chutes_1x2,FT,draw,314,0.06687898089171974,0.06249581209132674
brasileirao-b,chutes_1x2,FT,home,314,0.643312101910828,0.22697253263290648
brasileirao-b,chutes_1x2,HT,away,314,0.3057324840764331,0.20618344642001482
brasileirao-b,chutes_1x2,HT,draw,314,0.06687898089171974,0.06291869552332639
brasileirao-b,chutes_1x2,HT,home,314,0.6273885350318471,0.22323692789610455
brasileirao-b,chutes_alvo,FT,over,5338,0.39771449981266394,0.1919108500862077
brasileirao-b,chutes_alvo,FT,under,5338,0.6022855001873361,0.1919108500862077
brasileirao-b,chutes_alvo,HT,over,3768,0.45276008492569003,0.1931251403436141
brasileirao-b,chutes_alvo,HT,under,3768,0.54723991507431,0.1931251403436141
brasileirao-b,chutes_alvo_1x2,FT,away,314,0.31210191082802546,0.2285976247608211
brasileirao-b,chutes_alvo_1x2,FT,draw,314,0.12101910828025478,0.1067453465146903
brasileirao-b,chutes_alvo_1x2,FT,home,314,0.5668789808917197,0.2642654943563966
brasileirao-b,chutes_alvo_1x2,HT,away,314,0.2961783439490446,0.216553265829705
brasileirao-b,chutes_alvo_1x2,HT,draw,314,0.2356687898089172,0.18024328239699522
brasileirao-b,chutes_alvo_1x2,HT,home,314,0.4681528662420382,0.255733980464334
brasileirao-b,dupla,FT,12,314,0.678343949044586,0.22463007690473952
brasileirao-b,dupla,FT,1x,314,0.7547770700636943,0.19646573192129274
brasileirao-b,dupla,FT,x2,314,0.5668789808917197,0.279326930172094
brasileirao-b,dupla,HT,12,314,0.46496815286624205,0.26315788807360774
brasileirao-b,dupla,HT,1x,314,0.8057324840764332,0.15636083709035511
brasileirao-b,dupla,HT,x2,314,0.7292993630573248,0.21620651344239147
brasileirao-b,escanteios,FT,over,6280,0.4323248407643312,0.20983012178199606
brasileirao-b,escanteios,FT,under,6280,0.5676751592356688,0.20983012178199606
brasileirao-b,escanteios,HT,over,4710,0.47197452229299364,0.18644340451340435
brasileirao-b,escanteios,HT,under,4710,0.5280254777070064,0.18644340451340435
brasileirao-b,escanteios_1x2,FT,away,314,0.31210191082802546,0.2090444250713982
brasileirao-b,escanteios_1x2,FT,draw,314,0.07961783439490445,0.07515270015625096
brasileirao-b,escanteios_1x2,FT,home,314,0.60828025477707,0.2373167291070946
brasileirao-b,escanteios_1x2,HT,away,314,0.34076433121019106,0.2263383152843607
brasileirao-b,escanteios_1x2,HT,draw,314,0.16560509554140126,0.140570240494231
brasileirao-b,escanteios_1x2,HT,home,314,0.49363057324840764,0.25818348336861296
brasileirao-b,escanteios_handicap,FT,away_minus_1_5,314,0.22929936305732485,0.27176357083611125
brasileirao-b,escanteios_handicap,FT,away_minus_2_5,314,0.1624203821656051,0.3852389335158434
brasileirao-b,escanteios_handicap,FT,away_minus_3_5,314,0.10828025477707007,0.5248255531454424
brasileirao-b,escanteios_handicap,FT,away_minus_4_5,314,0.09235668789808917,0.6468522074954031
brasileirao-b,escanteios_handicap,FT,away_plus_1_5,314,0.4968152866242038,0.32312751122674555
brasileirao-b,escanteios_handicap,FT,away_plus_2_5,314,0.5987261146496815,0.4452051536031784
brasileirao-b,escanteios_handicap,FT,away_plus_3_5,314,0.6847133757961783,0.5698521270794137
brasileirao-b,escanteios_handicap,FT,away_plus_4_5,314,0.7707006369426752,0.6918442489998773
brasileirao-b,escanteios_handicap,FT,home_minus_1_5,314,0.5031847133757962,0.2573293561602914
brasileirao-b,escanteios_handicap,FT,home_minus_2_5,314,0.4012738853503185,0.25193101943608626
brasileirao-b,escanteios_handicap,FT,home_minus_3_5,314,0.31528662420382164,0.22901193942456594
brasileirao-b,escanteios_handicap,FT,home_minus_4_5,314,0.22929936305732485,0.18772987517932474
brasileirao-b,escanteios_handicap,FT,home_plus_1_5,314,0.7707006369426752,0.1663152160969984
brasileirao-b,escanteios_handicap,FT,home_plus_2_5,314,0.8375796178343949,0.13172629318736107
brasileirao-b,escanteios_handicap,FT,home_plus_3_5,314,0.89171974522293,0.09312908860947475
brasileirao-b,escanteios_handicap,FT,home_plus_4_5,314,0.9076433121019108,0.08212366125641288
brasileirao-b,escanteios_handicap,HT,away_minus_1_5,314,0.18152866242038215,0.41206930472704645
brasileirao-b,escanteios_handicap,HT,away_minus_2_5,314,0.11146496815286625,0.6234467328842547
brasileirao-b,escanteios_handicap,HT,away_plus_1_5,314,0.643312101910828,0.45354229533459023
brasileirao-b,escanteios_handicap,HT,away_plus_2_5,314,0.767515923566879,0.6523703884017309
brasileirao-b,escanteios_handicap,HT,home_minus_1_5,314,0.35668789808917195,0.24136197760509448
brasileirao-b,escanteios_handicap,HT,home_minus_2_5,314,0.23248407643312102,0.18960608197383488
brasileirao-b,escanteios_handicap,HT,home_plus_1_5,314,0.8184713375796179,0.1455148476910317
brasileirao-b,escanteios_handicap,HT,home_plus_2_5,314,0.8885350318471338,0.0975380587929713
brasileirao-b,escanteios_oddeven,FT,impar,314,0.5159235668789809,0.25000000008368695
brasileirao-b,escanteios_oddeven,FT,par,314,0.4840764331210191,0.25000000008209744
brasileirao-b,escanteios_oddeven,HT,impar,314,0.5063694267515924,0.2500083609956393
brasileirao-b,escanteios_oddeven,HT,par,314,0.49363057324840764,0.2500083609956393
brasileirao-b,faltas,FT,over,4396,0.7065514103730665,0.17477609949000697
brasileirao-b,faltas,FT,under,4396,0.2934485896269336,0.17477609949000697
brasileirao-b,gols,2T,over,1256,0.320859872611465,0.14096770225804467
brasileirao-b,gols,2T,under,1256,0.679140127388535,0.14096770225804467
brasileirao-b,gols,FT,over,5024,0.28144904458598724,0.12331836980357
brasileirao-b,gols,FT,under,5024,0.7185509554140127,0.12331836980357
brasileirao-b,gols,HT,over,2512,0.23885350318471338,0.1437208357366196
brasileirao-b,gols,HT,under,2512,0.7611464968152867,0.1437208357366196
brasileirao-b,gols_oddeven,FT,impar,314,0.4840764331210191,0.2490362311334106
brasileirao-b,gols_oddeven,FT,par,314,0.5159235668789809,0.2490362311337117
brasileirao-b,gols_oddeven,HT,impar,314,0.3821656050955414,0.24025864500753621
brasileirao-b,gols_oddeven,HT,par,314,0.6178343949044586,0.24025864501360789
brasileirao-b,impedimentos,FT,over,3140,0.39012738853503187,0.2080918298190816
brasileirao-b,impedimentos,FT,under,3140,0.6098726114649682,0.2080918298190816
bundesliga,1x2,FT,away,1362,0.3091042584434655,0.20356545594690362
bundesliga,1x2,FT,draw,1362,0.2511013215859031,0.19150977957467064
bundesliga,1x2,FT,home,1362,0.4397944199706314,0.2500355744636566
bundesliga,1x2,HT,away,1362,0.2812041116005874,0.20019037214321514
bundesliga,1x2,HT,draw,1362,0.35976505139500736,0.2323314882865233
bundesliga,1x2,HT,home,1362,0.3590308370044053,0.22189892062061048
bundesliga,btts,FT,nao,1362,0.39720998531571217,0.25034951758996676
bundesliga,btts,FT,sim,1362,0.6027900146842878,0.25034951758996676
bundesliga,btts,HT,nao,1362,0.7569750367107195,0.18687598653327067
bundesliga,btts,HT,sim,1362,0.24302496328928047,0.18687598653327067
bundesliga,cartoes,FT,over,20430,0.4596671561429271,0.17289918329623266
bundesliga,cartoes,FT,under,20430,0.5403328438570729,0.17289918329623266
bundesliga,cartoes,HT,over,10896,0.32966226138032306,0.17859583530912798
bundesliga,cartoes,HT,under,10896,0.6703377386196769,0.17859583530912798
bundesliga,cartoes_1x2,FT,away,1362,0.43612334801762115,0.2471076793261022
bundesliga,cartoes_1x2,FT,draw,1362,0.2290748898678414,0.17702981153484362
bundesliga,cartoes_1x2,FT,home,1362,0.33480176211453744,0.22119198609290405
bundesliga,chutes,FT,over,31326,0.5331034923067101,0.20230155811820036
bundesliga,chutes,FT,under,31326,0.46689650769328994,0.20230155811820036
bundesliga,chutes,HT,over,17706,0.59448774426748,0.21618791398716383
bundesliga,chutes,HT,under,17706,0.40551225573252003,0.21618791398716383
bundesliga,chutes_1x2,FT,away,1362,0.3333333333333333,0.20367014227828403
bundesliga,chutes_1x2,FT,draw,1362,0.04331864904552129,0.041665776377101726
bundesliga,chutes_1x2,FT,home,1362,0.6233480176211453,0.21133194668192826
bundesliga,chutes_1x2,HT,away,1362,0.3245227606461087,0.20298889830305883
bundesliga,chutes_1x2,HT,draw,1362,0.08149779735682819,0.07484351003946167
bundesliga,chutes_1x2,HT,home,1362,0.5939794419970631,0.22046656956206304
bundesliga,chutes_alvo,FT,over,23154,0.4838904724885549,0.20503750259562636
bundesliga,chutes_alvo,FT,under,23154,0.5161095275114451,0.20503750259562636
bundesliga,chutes_alvo,HT,over,16344,0.5006118453255017,0.19608293043664854
bundesliga,chutes_alvo,HT,under,16344,0.49938815467449826,0.19608293043664854
bundesliga,chutes_alvo_1x2,FT,away,1362,0.3333333333333333,0.2323354034247708
bundesliga,chutes_alvo_1x2,FT,draw,1362,0.09838472834067548,0.0898818651962893
bundesliga,chutes_alvo_1x2,FT,home,1362,0.5682819383259912,0.2634131650030362
bundesliga,chutes_alvo_1x2,HT,away,1362,0.328928046989721,0.22478688831658492
bundesliga,chutes_alvo_1x2,HT,draw,1362,0.16372980910425844,0.1395400125222677
bundesliga,chutes_alvo_1x2,HT,home,1362,0.5073421439060205,0.2631182133924197
bundesliga,dupla,FT,12,1362,0.748898678414097,0.1915097795776585
bundesliga,dupla,FT,1x,1362,0.6908957415565345,0.20356545594711015
bundesliga,dupla,FT,x2,1362,0.5602055800293686,0.25003557446075436
bundesliga,dupla,HT,12,1362,0.6402349486049926,0.23233148828654118
bundesliga,dupla,HT,1x,1362,0.7187958883994127,0.20019037213065152
bundesliga,dupla,HT,x2,1362,0.6409691629955947,0.22189892063315622
bundesliga,escanteios,FT,over,27240,0.4236784140969163,0.19725512547062318
bundesliga,escanteios,FT,under,27240,0.5763215859030837,0.19725512547062318
bundesliga,escanteios,HT,over,20430,0.449632892804699,0.18518823491739872
bundesliga,escanteios,HT,under,20430,0.550367107195301,0.18518823491739872
bundesliga,escanteios_1x2,FT,away,1362,0.35609397944199705,0.21411337097412267
bundesliga,escanteios_1x2,FT,draw,1362,0.09985315712187959,0.0900144299637339
bundesliga,escanteios_1x2,FT,home,1362,0.5440528634361234,0.23298785204976483
bundesliga,escanteios_1x2,HT,away,1362,0.3406754772393539,0.21522823452435608
bundesliga,escanteios_1x2,HT,draw,1362,0.15638766519823788,0.13348825724129024
bundesliga,escanteios_1x2,HT,home,1362,0.5029368575624082,0.24287696814434145
bundesliga,escanteios_handicap,FT,away_minus_1_5,1362,0.2753303964757709,0.28113367726610794
bundesliga,escanteios_handicap,FT,away_minus_2_5,1362,0.19530102790014683,0.3988174777963109
bundesliga,escanteios_handicap,FT,away_minus_3_5,1362,0.14096916299559473,0.5399644726365507
bundesliga,escanteios_handicap,FT,away_minus_4_5,1362,0.09324522760646109,0.6804716624083796
bundesliga,escanteios_handicap,FT,away_plus_1_5,1362,0.5543318649045521,0.3355006028575452
bundesliga,escanteios_handicap,FT,away_plus_2_5,1362,0.6365638766519823,0.45578043418872327
bundesliga,escanteios_handicap,FT,away_plus_3_5,1362,0.7136563876651982,0.582588727331196
bundesliga,escanteios_handicap,FT,away_plus_4_5,1362,0.7929515418502202,0.7086822101238222
bundesliga,escanteios_handicap,FT,home_minus_1_5,1362,0.4456681350954479,0.2345429627716838
bundesliga,escanteios_handicap,FT,home_minus_2_5,1362,0.3634361233480176,0.22395672265702068
bundesliga,escanteios_handicap,FT,home_minus_3_5,1362,0.28634361233480177,0.19958555391164956
bundesliga,escanteios_handicap,FT,home_minus_4_5,1362,0.20704845814977973,0.1625238038580027
bundesliga,escanteios_handicap,FT,home_plus_1_5,1362,0.724669603524229,0.18747326303431716
bundesliga,escanteios_handicap,FT,home_plus_2_5,1362,0.8046989720998532,0.147986634041962
bundesliga,escanteios_handicap,FT,home_plus_3_5,1362,0.8590308370044053,0.1161186779101738
bundesliga,escanteios_handicap,FT,home_plus_4_5,1362,0.906754772393539,0.08146127667864485
bundesliga,escanteios_handicap,HT,away_minus_1_5,1362,0.21365638766519823,0.4187373086866029
bundesliga,escanteios_handicap,HT,away_minus_2_5,1362,0.1130690161527166,0.6506424651557068
bundesliga,escanteios_handicap,HT,away_plus_1_5,1362,0.6424375917767988,0.4403855497060232
bundesliga,escanteios_handicap,HT,away_plus_2_5,1362,0.7804698972099853,0.6610265515530458
bundesliga,escanteios_handicap,HT,home_minus_1_5,1362,0.3575624082232012,0.22819847171460036
bundesliga,escanteios_handicap,HT,home_minus_2_5,1362,0.2195301027900147,0.1743406043383078
bundesliga,escanteios_handicap,HT,home_plus_1_5,1362,0.7863436123348018,0.1632738844747402
bundesliga,escanteios_handicap,HT,home_plus_2_5,1362,0.8869309838472834,0.09823733707249487
bundesliga,escanteios_oddeven,FT,impar,1362,0.4889867841409692,0.2499999931392554
bundesliga,escanteios_oddeven,FT,par,1362,0.5110132158590308,0.24999999313946428
bundesliga,escanteios_oddeven,HT,impar,1362,0.4919236417033774,0.24998117988600616
bundesliga,escanteios_oddeven,HT,par,1362,0.5080763582966226,0.24998117988600616
bundesliga,faltas,FT,over,19068,0.46129641283826306,0.19646107428963167
bundesliga,faltas,FT,under,19068,0.5387035871617369,0.19646107428963167
bundesliga,gols,2T,over,5448,0.42033773861967694,0.16996398877910693
bundesliga,gols,2T,under,5448,0.5796622613803231,0.16996398877910693
bundesliga,gols,FT,over,21792,0.39106093979441997,0.146856243813591
bundesliga,gols,FT,under,21792,0.60893906020558,0.146856243813591
bundesliga,gols,HT,over,10896,0.3506791483113069,0.1755188455657028
bundesliga,gols,HT,under,10896,0.6493208516886931,0.1755188455657028
bundesliga,gols_oddeven,FT,impar,1362,0.461086637298091,0.24934718906364933
bundesliga,gols_oddeven,FT,par,1362,0.5389133627019089,0.24934718906035067
bundesliga,gols_oddeven,HT,impar,1362,0.4713656387665198,0.25090753840057967
bundesliga,gols_oddeven,HT,par,1362,0.5286343612334802,0.2509075383992982
bundesliga,impedimentos,FT,over,13620,0.4845080763582966,0.2095187237803931
bundesliga,impedimentos,FT,under,13620,0.5154919236417034,0.2095187237803931
championship,1x2,FT,away,435,0.31494252873563217,0.22354075753132116
championship,1x2,FT,draw,435,0.25287356321839083,0.19268705462458513
championship,1x2,FT,home,435,0.432183908045977,0.25733098390589765
championship,1x2,HT,away,435,0.2482758620689655,0.18839692541545391
championship,1x2,HT,draw,435,0.4091954022988506,0.25073955709352735
championship,1x2,HT,home,435,0.3425287356321839,0.2298225423273926
championship,btts,FT,nao,435,0.432183908045977,0.2686236110042888
championship,btts,FT,sim,435,0.5678160919540229,0.2686236110042888
championship,btts,HT,nao,435,0.8137931034482758,0.15504900288188464
championship,btts,HT,sim,435,0.18620689655172415,0.15504900288188464
championship,cartoes,FT,over,6525,0.44613026819923374,0.16888266448250777
championship,cartoes,FT,under,6525,0.5538697318007663,0.16888266448250777
championship,cartoes,HT,over,3480,0.3031609195402299,0.16668138341809116
championship,cartoes,HT,under,3480,0.6968390804597702,0.16668138341809116
championship,cartoes_1x2,FT,away,435,0.49195402298850577,0.25167572133736593
championship,cartoes_1x2,FT,draw,435,0.23448275862068965,0.179403494200727
championship,cartoes_1x2,FT,home,435,0.2735632183908046,0.20226125603160527
championship,chutes,FT,over,10005,0.4862568715642179,0.2028026239152039
championship,chutes,FT,under,10005,0.5137431284357821,0.2028026239152039
championship,chutes,HT,over,5655,0.5916887709991159,0.21372069262970717
championship,chutes,HT,under,5655,0.4083112290008842,0.21372069262970717
championship,chutes_1x2,FT,away,435,0.3586206896551724,0.21106727333535594
championship,chutes_1x2,FT,draw,435,0.02528735632183908,0.026287880794188034
championship,chutes_1x2,FT,home,435,0.6160919540229886,0.21293996135881138
championship,chutes_1x2,HT,away,435,0.35402298850574715,0.2124345745505428
championship,chutes_1x2,HT,draw,435,0.07126436781609195,0.06780776413814171
championship,chutes_1x2,HT,home,435,0.5747126436781609,0.23229578676603543
championship,chutes_alvo,FT,over,7395,0.3971602434077079,0.19359276509944875
championship,chutes_alvo,FT,under,7395,0.602839756592292,0.19359276509944875
championship,chutes_alvo,HT,over,5220,0.4482758620689655,0.1977282130257641
championship,chutes_alvo,HT,under,5220,0.5517241379310345,0.1977282130257641
championship,chutes_alvo_1x2,FT,away,435,0.3816091954022989,0.23818966377903014
championship,chutes_alvo_1x2,FT,draw,435,0.08275862068965517,0.07956869185356587
championship,chutes_alvo_1x2,FT,home,435,0.535632183908046,0.26021537180292525
championship,chutes_alvo_1x2,HT,away,435,0.3264367816091954,0.22312350618123045
championship,chutes_alvo_1x2,HT,draw,435,0.19310344827586207,0.15737560371526677
championship,chutes_alvo_1x2,HT,home,435,0.4804597701149425,0.2590125715384719
championship,dupla,FT,12,435,0.7471264367816092,0.192687054620467
championship,dupla,FT,1x,435,0.6850574712643678,0.223540757533314
championship,dupla,FT,x2,435,0.5678160919540229,0.25733098390802295
championship,dupla,HT,12,435,0.5908045977011495,0.25073955708877216
championship,dupla,HT,1x,435,0.7517241379310344,0.1883969254172976
championship,dupla,HT,x2,435,0.6574712643678161,0.22982254233030408
championship,escanteios,FT,over,8700,0.46804597701149425,0.20440147453766222
championship,escanteios,FT,under,8700,0.5319540229885057,0.20440147453766222
championship,escanteios,HT,over,6525,0.49333333333333335,0.19030153642100475
championship,escanteios,HT,under,6525,0.5066666666666667,0.19030153642100475
championship,escanteios_1x2,FT,away,435,0.3425287356321839,0.2242094557364734
championship,escanteios_1x2,FT,draw,435,0.08735632183908046,0.07991745833942246
championship,escanteios_1x2,FT,home,435,0.5701149425287356,0.24001301461483315
championship,escanteios_1x2,HT,away,435,0.3195402298850575,0.20992214222030361
championship,escanteios_1x2,HT,draw,435,0.15402298850574714,0.1317683260330411
championship,escanteios_1x2,HT,home,435,0.5264367816091954,0.23875641063389746
championship,escanteios_handicap,FT,away_minus_1_5,435,0.25057471264367814,0.2795439171588373
championship,escanteios_handicap,FT,away_minus_2_5,435,0.20229885057471264,0.3787000617342825
championship,escanteios_handicap,FT,away_minus_3_5,435,0.1471264367816092,0.5141744368125548
championship,escanteios_handicap,FT,away_minus_4_5,435,0.09655172413793103,0.6533642502136271
championship,escanteios_handicap,FT,away_plus_1_5,435,0.5195402298850574,0.3291654898442048
championship,escanteios_handicap,FT,away_plus_2_5,435,0.6068965517241379,0.44599291003302577
championship,escanteios_handicap,FT,away_plus_3_5,435,0.6919540229885057,0.5736282792754944
championship,escanteios_handicap,FT,away_plus_4_5,435,0.7793103448275862,0.702781613482132
championship,escanteios_handicap,FT,home_minus_1_5,435,0.4804597701149425,0.24100581047715944
championship,escanteios_handicap,FT,home_minus_2_5,435,0.3931034482758621,0.232936316368912
championship,escanteios_handicap,FT,home_minus_3_5,435,0.3080459770114943,0.2107852352415203
championship,escanteios_handicap,FT,home_minus_4_5,435,0.2206896551724138,0.1711829402997269
championship,escanteios_handicap,FT,home_plus_1_5,435,0.7494252873563219,0.18391015865696372
championship,escanteios_handicap,FT,home_plus_2_5,435,0.7977011494252874,0.16034989380805464
championship,escanteios_handicap,FT,home_plus_3_5,435,0.8528735632183908,0.12725152702320675
championship,escanteios_handicap,FT,home_plus_4_5,435,0.903448275862069,0.08768196426178657
championship,escanteios_handicap,HT,away_minus_1_5,435,0.21379310344827587,0.3994585832138346
championship,escanteios_handicap,HT,away_minus_2_5,435,0.1310344827586207,0.616645094213319
championship,escanteios_handicap,HT,away_plus_1_5,435,0.6367816091954023,0.4401361786991199
championship,escanteios_handicap,HT,away_plus_2_5,435,0.735632183908046,0.6246952977784378
championship,escanteios_handicap,HT,home_minus_1_5,435,0.3632183908045977,0.22619443530665875
championship,escanteios_handicap,HT,home_minus_2_5,435,0.26436781609195403,0.20106196576086935
championship,escanteios_handicap,HT,home_plus_1_5,435,0.7862068965517242,0.16412654472964178
championship,escanteios_handicap,HT,home_plus_2_5,435,0.8689655172413793,0.11480039324376441
championship,escanteios_oddeven,FT,impar,435,0.47586206896551725,0.24999999426196604
championship,escanteios_oddeven,FT,par,435,0.5241379310344828,0.24999999427806316
championship,escanteios_oddeven,HT,impar,435,0.5172413793103449,0.2500182915442655
championship,escanteios_oddeven,HT,par,435,0.4827586206896552,0.2500182915442656
championship,faltas,FT,over,6090,0.4095238095238095,0.1921866118026639
championship,faltas,FT,under,6090,0.5904761904761905,0.1921866118026639
championship,gols,2T,over,1740,0.34597701149425286,0.1544644836995537
championship,gols,2T,under,1740,0.6540229885057471,0.1544644836995537
championship,gols,FT,over,6960,0.3254310344827586,0.13063693372215332
championship,gols,FT,under,6960,0.6745689655172413,0.13063693372215332
championship,gols,HT,over,3480,0.2991379310344828,0.16843966682975792
championship,gols,HT,under,3480,0.7008620689655173,0.16843966682975792
championship,gols_oddeven,FT,impar,435,0.4896551724137931,0.24984392784599976
championship,gols_oddeven,FT,par,435,0.5103448275862069,0.24984392785276538
championship,gols_oddeven,HT,impar,435,0.42298850574712643,0.24523749972246264
championship,gols_oddeven,HT,par,435,0.5770114942528736,0.24523749972435954
championship,impedimentos,FT,over,4350,0.48137931034482756,0.20840611103547318
championship,impedimentos,FT,under,4350,0.5186206896551724,0.20840611103547318
la-liga,1x2,FT,away,1728,0.28414351851851855,0.19317079261012218
la-liga,1x2,FT,draw,1728,0.25752314814814814,0.1894523953979414
la-liga,1x2,FT,home,1728,0.4583333333333333,0.23327694978583333
la-liga,1x2,HT,away,1728,0.22453703703703703,0.17496304163055476
la-liga,1x2,HT,draw,1728,0.4380787037037037,0.24613040321637955
la-liga,1x2,HT,home,1728,0.33738425925925924,0.21948649668152334
la-liga,btts,FT,nao,1728,0.4791666666666667,0.2601851901048985
la-liga,btts,FT,sim,1728,0.5208333333333334,0.2601851901048985
la-liga,btts,HT,nao,1728,0.8119212962962963,0.15522596934937705
la-liga,btts,HT,sim,1728,0.1880787037037037,0.15522596934937705
la-liga,cartoes,FT,over,25920,0.5746913580246914,0.1787180909845818
la-liga,cartoes,FT,under,25920,0.42530864197530865,0.1787180909845818
la-liga,cartoes,HT,over,13824,0.3949652777777778,0.1909544814799922
la-liga,cartoes,HT,under,13824,0.6050347222222222,0.1909544814799922
la-liga,cartoes_1x2,FT,away,1728,0.4357638888888889,0.24546305193826493
la-liga,cartoes_1x2,FT,draw,1728,0.19849537037037038,0.1587967822924099
la-liga,cartoes_1x2,FT,home,1728,0.36574074074074076,0.23090991939075045
la-liga,chutes,FT,over,39744,0.444368961352657,0.19396233740192093
la-liga,chutes,FT,under,39744,0.555631038647343,0.19396233740192093
la-liga,chutes,HT,over,22464,0.5264868233618234,0.2186711969965914
la-liga,chutes,HT,under,22464,0.47351317663817666,0.2186711969965914
la-liga,chutes_1x2,FT,away,1728,0.32349537037037035,0.20036192607281797
la-liga,chutes_1x2,FT,draw,1728,0.05381944444444445,0.05065519520682064
la-liga,chutes_1x2,FT,home,1728,0.6226851851851852,0.2107998087179517
la-liga,chutes_1x2,HT,away,1728,0.3275462962962963,0.2065063419701686
la-liga,chutes_1x2,HT,draw,1728,0.08043981481481481,0.07473454549033727
la-liga,chutes_1x2,HT,home,1728,0.5920138888888888,0.22492568538515026
la-liga,chutes_alvo,FT,over,29376,0.4016884531590414,0.19503157262421292
la-liga,chutes_alvo,FT,under,29376,0.5983115468409586,0.19503157262421292
la-liga,chutes_alvo,HT,over,20736,0.43267746913580246,0.18917716518787636
la-liga,chutes_alvo,HT,under,20736,0.5673225308641975,0.18917716518787636
la-liga,chutes_alvo_1x2,FT,away,1728,0.3142361111111111,0.2287006793407754
la-liga,chutes_alvo_1x2,FT,draw,1728,0.12268518518518519,0.10801239552555322
la-liga,chutes_alvo_1x2,FT,home,1728,0.5630787037037037,0.26396292582940867
la-liga,chutes_alvo_1x2,HT,away,1728,0.2986111111111111,0.2167762982429751
la-liga,chutes_alvo_1x2,HT,draw,1728,0.1996527777777778,0.16076918766540682
la-liga,chutes_alvo_1x2,HT,home,1728,0.5017361111111112,0.26378190670083945
la-liga,dupla,FT,12,1728,0.7424768518518519,0.18945239540165543
la-liga,dupla,FT,1x,1728,0.7158564814814815,0.19317079260391132
la-liga,dupla,FT,x2,1728,0.5416666666666666,0.23327694978833016
la-liga,dupla,HT,12,1728,0.5619212962962963,0.24613040321194146
la-liga,dupla,HT,1x,1728,0.7754629629629629,0.1749630416276077
la-liga,dupla,HT,x2,1728,0.6626157407407407,0.2194864966889085
la-liga,escanteios,FT,over,34560,0.39936342592592594,0.18565075199086756
la-liga,escanteios,FT,under,34560,0.6006365740740741,0.18565075199086756
la-liga,escanteios,HT,over,25920,0.44591049382716047,0.17818367376324973
la-liga,escanteios,HT,under,25920,0.5540895061728395,0.17818367376324973
la-liga,escanteios_1x2,FT,away,1728,0.3304398148148148,0.21552506011454794
la-liga,escanteios_1x2,FT,draw,1728,0.10300925925925926,0.09230228020180903
la-liga,escanteios_1x2,FT,home,1728,0.5665509259259259,0.2368235977757722
la-liga,escanteios_1x2,HT,away,1728,0.3315972222222222,0.21374453485699652
la-liga,escanteios_1x2,HT,draw,1728,0.14930555555555555,0.12954436852073356
la-liga,escanteios_1x2,HT,home,1728,0.5190972222222222,0.24090609939628516
la-liga,escanteios_handicap,FT,away_minus_1_5,1728,0.25405092592592593,0.27618254407057885
la-liga,escanteios_handicap,FT,away_minus_2_5,1728,0.17997685185185186,0.3876617599487421
la-liga,escanteios_handicap,FT,away_minus_3_5,1728,0.12268518518518519,0.5302977728906481
la-liga,escanteios_handicap,FT,away_minus_4_5,1728,0.078125,0.6733279552844834
la-liga,escanteios_handicap,FT,away_plus_1_5,1728,0.5335648148148148,0.3457180392156946
la-liga,escanteios_handicap,FT,away_plus_2_5,1728,0.6313657407407407,0.4756146074111982
la-liga,escanteios_handicap,FT,away_plus_3_5,1728,0.7152777777777778,0.6075628404090863
la-liga,escanteios_handicap,FT,away_plus_4_5,1728,0.7829861111111112,0.718098585792787
la-liga,escanteios_handicap,FT,home_minus_1_5,1728,0.4664351851851852,0.2406519536138673
la-liga,escanteios_handicap,FT,home_minus_2_5,1728,0.36863425925925924,0.22485062884583137
la-liga,escanteios_handicap,FT,home_minus_3_5,1728,0.2847222222222222,0.19806698551862703
la-liga,escanteios_handicap,FT,home_minus_4_5,1728,0.2170138888888889,0.16665151615785134
la-liga,escanteios_handicap,FT,home_plus_1_5,1728,0.7459490740740741,0.18621888193511593
la-liga,escanteios_handicap,FT,home_plus_2_5,1728,0.8200231481481481,0.14504359952138468
la-liga,escanteios_handicap,FT,home_plus_3_5,1728,0.8773148148148148,0.10668857998108637
la-liga,escanteios_handicap,FT,home_plus_4_5,1728,0.921875,0.0724936082550887
la-liga,escanteios_handicap,HT,away_minus_1_5,1728,0.2019675925925926,0.4091572947665
la-liga,escanteios_handicap,HT,away_minus_2_5,1728,0.1076388888888889,0.6427098248647715
la-liga,escanteios_handicap,HT,away_plus_1_5,1728,0.6325231481481481,0.4515521559376068
la-liga,escanteios_handicap,HT,away_plus_2_5,1728,0.7690972222222222,0.667884072186687
la-liga,escanteios_handicap,HT,home_minus_1_5,1728,0.36747685185185186,0.22765769803252953
la-liga,escanteios_handicap,HT,home_minus_2_5,1728,0.2309027777777778,0.17698715579138163
la-liga,escanteios_handicap,HT,home_plus_1_5,1728,0.7980324074074074,0.1576915171757047
la-liga,escanteios_handicap,HT,home_plus_2_5,1728,0.8923611111111112,0.09598743018956546
la-liga,escanteios_oddeven,FT,impar,1728,0.4930555555555556,0.2499999966473866
la-liga,escanteios_oddeven,FT,par,1728,0.5069444444444444,0.2499999966462894
la-liga,escanteios_oddeven,HT,impar,1728,0.5040509259259259,0.2500064487051688
la-liga,escanteios_oddeven,HT,par,1728,0.49594907407407407,0.2500064487051688
la-liga,faltas,FT,over,24192,0.6283482142857143,0.18328410138849702
la-liga,faltas,FT,under,24192,0.3716517857142857,0.18328410138849702
la-liga,gols,2T,over,6912,0.3609664351851852,0.15746339767333917
la-liga,gols,2T,under,6912,0.6390335648148148,0.15746339767333917
la-liga,gols,FT,over,27648,0.32407407407407407,0.13074243962991053
la-liga,gols,FT,under,27648,0.6759259259259259,0.13074243962991053
la-liga,gols,HT,over,13824,0.2795138888888889,0.15712154531214415
la-liga,gols,HT,under,13824,0.7204861111111112,0.15712154531214415
la-liga,gols_oddeven,FT,impar,1728,0.5190972222222222,0.2503945443717732
la-liga,gols_oddeven,FT,par,1728,0.4809027777777778,0.250394544368281
la-liga,gols_oddeven,HT,impar,1728,0.44733796296296297,0.24824528126949832
la-liga,gols_oddeven,HT,par,1728,0.5526620370370371,0.24824528126919063
la-liga,impedimentos,FT,over,17280,0.5328703703703703,0.22086136844549625
la-liga,impedimentos,FT,under,17280,0.4671296296296296,0.22086136844549625
la-liga-2,1x2,FT,away,323,0.30030959752321984,0.21300923800283145
la-liga-2,1x2,FT,draw,323,0.23529411764705882,0.182501036318861
la-liga-2,1x2,FT,home,323,0.46439628482972134,0.25158674379597334
la-liga-2,1x2,HT,away,323,0.23219814241486067,0.18754583093902005
la-liga-2,1x2,HT,draw,323,0.47058823529411764,0.25205523944213853
la-liga-2,1x2,HT,home,323,0.29721362229102166,0.2073468974964515
la-liga-2,btts,FT,nao,323,0.42724458204334365,0.26799447638935725
la-liga-2,btts,FT,sim,323,0.5727554179566563,0.26799447638935725
la-liga-2,btts,HT,nao,323,0.7585139318885449,0.19427061284975602
la-liga-2,btts,HT,sim,323,0.24148606811145512,0.19427061284975602
la-liga-2,cartoes,FT,over,4845,0.6439628482972136,0.17956663363689027
la-liga-2,cartoes,FT,under,4845,0.3560371517027864,0.17956663363689027
la-liga-2,cartoes,HT,over,2584,0.45278637770897834,0.20145659586360634
la-liga-2,cartoes,HT,under,2584,0.5472136222910217,0.20145659586360634
la-liga-2,cartoes_1x2,FT,away,323,0.44891640866873067,0.257002230179187
la-liga-2,cartoes_1x2,FT,draw,323,0.14241486068111456,0.12363191411881164
la-liga-2,cartoes_1x2,FT,home,323,0.4086687306501548,0.25653065213890325
la-liga-2,chutes,FT,over,7429,0.5024902409476376,0.199594848304359
la-liga-2,chutes,FT,under,7429,0.4975097590523624,0.199594848304359
la-liga-2,chutes,HT,over,4199,0.5739461776613479,0.21992365393799507
la-liga-2,chutes,HT,under,4199,0.4260538223386521,0.21992365393799507
la-liga-2,chutes_1x2,FT,away,323,0.29721362229102166,0.19188613736240187
la-liga-2,chutes_1x2,FT,draw,323,0.07120743034055728,0.06710954492529073
la-liga-2,chutes_1x2,FT,home,323,0.631578947368421,0.22244184788616728
la-liga-2,chutes_1x2,HT,away,323,0.3188854489164087,0.21273664549305984
la-liga-2,chutes_1x2,HT,draw,323,0.09597523219814241,0.08671426016000722
la-liga-2,chutes_1x2,HT,home,323,0.5851393188854489,0.2377511506354069
la-liga-2,chutes_alvo,FT,over,5491,0.44163176106355856,0.2043539591693184
la-liga-2,chutes_alvo,FT,under,5491,0.5583682389364415,0.2043539591693184
la-liga-2,chutes_alvo,HT,over,3876,0.47084623323013414,0.19435966492686457
la-liga-2,chutes_alvo,HT,under,3876,0.5291537667698658,0.19435966492686457
la-liga-2,chutes_alvo_1x2,FT,away,323,0.28792569659442724,0.22527182500653953
la-liga-2,chutes_alvo_1x2,FT,draw,323,0.12693498452012383,0.11095295102223017
la-liga-2,chutes_alvo_1x2,FT,home,323,0.5851393188854489,0.26673715824451366
la-liga-2,chutes_alvo_1x2,HT,away,323,0.3281733746130031,0.22382423623848946
la-liga-2,chutes_alvo_1x2,HT,draw,323,0.17647058823529413,0.1479865446170781
la-liga-2,chutes_alvo_1x2,HT,home,323,0.4953560371517028,0.26193374195240254
la-liga-2,dupla,FT,12,323,0.7647058823529411,0.18250103632334974
la-liga-2,dupla,FT,1x,323,0.6996904024767802,0.21300923800734217
la-liga-2,dupla,FT,x2,323,0.5356037151702786,0.2515867437869738
la-liga-2,dupla,HT,12,323,0.5294117647058824,0.2520552394435203
la-liga-2,dupla,HT,1x,323,0.7678018575851393,0.18754583093911273
la-liga-2,dupla,HT,x2,323,0.7027863777089783,0.20734689749497703
la-liga-2,escanteios,FT,over,6460,0.408359133126935,0.1960473292836869
la-liga-2,escanteios,FT,under,6460,0.591640866873065,0.1960473292836869
la-liga-2,escanteios,HT,over,4845,0.43839009287925695,0.18217248812373066
la-liga-2,escanteios,HT,under,4845,0.561609907120743,0.18217248812373066
la-liga-2,escanteios_1x2,FT,away,323,0.33126934984520123,0.22649734462748805
la-liga-2,escanteios_1x2,FT,draw,323,0.1393188854489164,0.12012089630775069
la-liga-2,escanteios_1x2,FT,home,323,0.5294117647058824,0.26155865538909645
la-liga-2,escanteios_1x2,HT,away,323,0.29721362229102166,0.21055651887924504
la-liga-2,escanteios_1x2,HT,draw,323,0.17337461300309598,0.14410614134461155
la-liga-2,escanteios_1x2,HT,home,323,0.5294117647058824,0.25395945528605524
la-liga-2,escanteios_handicap,FT,away_minus_1_5,323,0.25386996904024767,0.29249361096314663
la-liga-2,escanteios_handicap,FT,away_minus_2_5,323,0.17027863777089783,0.40310225850664133
la-liga-2,escanteios_handicap,FT,away_minus_3_5,323,0.12074303405572756,0.5363970810255253
la-liga-2,escanteios_handicap,FT,away_minus_4_5,323,0.06811145510835913,0.6822442732181071
la-liga-2,escanteios_handicap,FT,away_plus_1_5,323,0.5696594427244582,0.3748213825709848
la-liga-2,escanteios_handicap,FT,away_plus_2_5,323,0.6470588235294118,0.49380312932028847
la-liga-2,escanteios_handicap,FT,away_plus_3_5,323,0.7244582043343654,0.6157810971119841
la-liga-2,escanteios_handicap,FT,away_plus_4_5,323,0.8111455108359134,0.7397897664165232
la-liga-2,escanteios_handicap,FT,home_minus_1_5,323,0.43034055727554177,0.260206439500679
la-liga-2,escanteios_handicap,FT,home_minus_2_5,323,0.35294117647058826,0.24921655583054084
la-liga-2,escanteios_handicap,FT,home_minus_3_5,323,0.2755417956656347,0.21547694793084787
la-liga-2,escanteios_handicap,FT,home_minus_4_5,323,0.18885448916408668,0.16287813401972492
la-liga-2,escanteios_handicap,FT,home_plus_1_5,323,0.7461300309597523,0.1894327521725668
la-liga-2,escanteios_handicap,FT,home_plus_2_5,323,0.8297213622291022,0.13936404656310902
la-liga-2,escanteios_handicap,FT,home_plus_3_5,323,0.8792569659442725,0.10109782289925359
la-liga-2,escanteios_handicap,FT,home_plus_4_5,323,0.9318885448916409,0.061472759261344864
la-liga-2,escanteios_handicap,HT,away_minus_1_5,323,0.17956656346749225,0.4315393925123229
la-liga-2,escanteios_handicap,HT,away_minus_2_5,323,0.08978328173374613,0.6603204247616128
la-liga-2,escanteios_handicap,HT,away_plus_1_5,323,0.653250773993808,0.4709269681384106
la-liga-2,escanteios_handicap,HT,away_plus_2_5,323,0.7925696594427245,0.6881322650371123
la-liga-2,escanteios_handicap,HT,home_minus_1_5,323,0.34674922600619196,0.23576897019992177
la-liga-2,escanteios_handicap,HT,home_minus_2_5,323,0.20743034055727555,0.1706055793817785
la-liga-2,escanteios_handicap,HT,home_plus_1_5,323,0.8204334365325078,0.14561132051652692
la-liga-2,escanteios_handicap,HT,home_plus_2_5,323,0.9102167182662538,0.08075638066711958
la-liga-2,escanteios_oddeven,FT,impar,323,0.43653250773993807,0.24999999812235493
la-liga-2,escanteios_oddeven,FT,par,323,0.5634674922600619,0.24999999814132237
la-liga-2,escanteios_oddeven,HT,impar,323,0.47987616099071206,0.2499778610421031
la-liga-2,escanteios_oddeven,HT,par,323,0.5201238390092879,0.24997786104210315
la-liga-2,faltas,FT,over,4522,0.673374613003096,0.17529131284106092
la-liga-2,faltas,FT,under,4522,0.326625386996904,0.17529131284106092
la-liga-2,gols,2T,over,1292,0.3653250773993808,0.16279201297553497
la-liga-2,gols,2T,under,1292,0.6346749226006192,0.16279201297553497
la-liga-2,gols,FT,over,5168,0.33475232198142413,0.14017552677890052
la-liga-2,gols,FT,under,5168,0.6652476780185759,0.14017552677890052
la-liga-2,gols,HT,over,2584,0.2945046439628483,0.16656482257220478
la-liga-2,gols,HT,under,2584,0.7054953560371517,0.16656482257220478
la-liga-2,gols_oddeven,FT,impar,323,0.5325077399380805,0.25220656974359856
la-liga-2,gols_oddeven,FT,par,323,0.4674922600619195,0.2522065697399893
la-liga-2,gols_oddeven,HT,impar,323,0.4086687306501548,0.2426142592046361
la-liga-2,gols_oddeven,HT,par,323,0.5913312693498453,0.24261425921274204
la-liga-2,impedimentos,FT,over,3230,0.5368421052631579,0.2087520328167665
la-liga-2,impedimentos,FT,under,3230,0.4631578947368421,0.2087520328167665
liga-mx,1x2,FT,away,239,0.25523012552301255,0.19243956270240656
liga-mx,1x2,FT,draw,239,0.25523012552301255,0.19896524594783185
liga-mx,1x2,FT,home,239,0.4895397489539749,0.2661774245063447
liga-mx,1x2,HT,away,239,0.17573221757322174,0.1451217148892698
liga-mx,1x2,HT,draw,239,0.401673640167364,0.24475737283315865
liga-mx,1x2,HT,home,239,0.4225941422594142,0.25212300423871364
liga-mx,btts,FT,nao,239,0.39330543933054396,0.26691013056212526
liga-mx,btts,FT,sim,239,0.606694560669456,0.26691013056212526
liga-mx,btts,HT,nao,239,0.7573221757322176,0.19261911543350627
liga-mx,btts,HT,sim,239,0.24267782426778242,0.19261911543350627
liga-mx,cartoes,FT,over,3585,0.5735006973500697,0.1904707122038024
liga-mx,cartoes,FT,under,3585,0.42649930264993025,0.1904707122038024
liga-mx,cartoes,HT,over,1912,0.4356694560669456,0.20853327743478497
liga-mx,cartoes,HT,under,1912,0.5643305439330544,0.20853327743478497
liga-mx,cartoes_1x2,FT,away,239,0.4225941422594142,0.24893187814401604
liga-mx,cartoes_1x2,FT,draw,239,0.1799163179916318,0.14853560626140672
liga-mx,cartoes_1x2,FT,home,239,0.39748953974895396,0.2451726743341758
liga-mx,chutes,FT,over,5497,0.571584500636711,0.2342086962366933
liga-mx,chutes,FT,under,5497,0.42841549936328904,0.2342086962366933
liga-mx,chutes,HT,over,3107,0.6214998390730608,0.22913465156479432
liga-mx,chutes,HT,under,3107,0.37850016092693917,0.22913465156479432
liga-mx,chutes_1x2,FT,away,239,0.3891213389121339,0.2138525208057333
liga-mx,chutes_1x2,FT,draw,239,0.04184100418410042,0.041174754441325755
liga-mx,chutes_1x2,FT,home,239,0.5690376569037657,0.2288079408377747
liga-mx,chutes_1x2,HT,away,239,0.34309623430962344,0.20624598362983831
liga-mx,chutes_1x2,HT,draw,239,0.0794979079497908,0.07304412678046705
liga-mx,chutes_1x2,HT,home,239,0.5774058577405857,0.22074038870695037
liga-mx,chutes_alvo,FT,over,4063,0.4654196406596111,0.20073297966453585
liga-mx,chutes_alvo,FT,under,4063,0.5345803593403888,0.20073297966453585
liga-mx,chutes_alvo,HT,over,2868,0.4905857740585774,0.20193374308098094
liga-mx,chutes_alvo,HT,under,2868,0.5094142259414226,0.20193374308098094
liga-mx,chutes_alvo_1x2,FT,away,239,0.35564853556485354,0.23504851542156222
liga-mx,chutes_alvo_1x2,FT,draw,239,0.11297071129707113,0.10069502555755207
liga-mx,chutes_alvo_1x2,FT,home,239,0.5313807531380753,0.25881364170867827
liga-mx,chutes_alvo_1x2,HT,away,239,0.3138075313807531,0.22115432331600773
liga-mx,chutes_alvo_1x2,HT,draw,239,0.1799163179916318,0.14929277958109452
liga-mx,chutes_alvo_1x2,HT,home,239,0.5062761506276151,0.26353390747872363
liga-mx,dupla,FT,12,239,0.7447698744769874,0.19896524594829362
liga-mx,dupla,FT,1x,239,0.7447698744769874,0.19243956270546594
liga-mx,dupla,FT,x2,239,0.5104602510460251,0.2661774245028235
liga-mx,dupla,HT,12,239,0.5983263598326359,0.2447573728293058
liga-mx,dupla,HT,1x,239,0.8242677824267782,0.14512171488380735
liga-mx,dupla,HT,x2,239,0.5774058577405857,0.25212300424802897
liga-mx,escanteios,FT,over,4780,0.39644351464435146,0.20850992108270364
liga-mx,escanteios,FT,under,4780,0.6035564853556485,0.20850992108270364
liga-mx,escanteios,HT,over,3585,0.44295676429567643,0.19122450788848927
liga-mx,escanteios,HT,under,3585,0.5570432357043236,0.19122450788848927
liga-mx,escanteios_1x2,FT,away,239,0.41422594142259417,0.22578821089012624
liga-mx,escanteios_1x2,FT,draw,239,0.07531380753138076,0.07153010920905607
liga-mx,escanteios_1x2,FT,home,239,0.5104602510460251,0.2396741477408602
liga-mx,escanteios_1x2,HT,away,239,0.4225941422594142,0.23905624410463658
liga-mx,escanteios_1x2,HT,draw,239,0.12133891213389121,0.11449892499686455
liga-mx,escanteios_1x2,HT,home,239,0.4560669456066946,0.24436740015663683
liga-mx,escanteios_handicap,FT,away_minus_1_5,239,0.33472803347280333,0.2958166495334259
liga-mx,escanteios_handicap,FT,away_minus_2_5,239,0.2594142259414226,0.41102291483621617
liga-mx,escanteios_handicap,FT,away_minus_3_5,239,0.1799163179916318,0.5545145535244762
liga-mx,escanteios_handicap,FT,away_minus_4_5,239,0.12552301255230125,0.6870623851956069
liga-mx,escanteios_handicap,FT,away_plus_1_5,239,0.5690376569037657,0.3259708783420046
liga-mx,escanteios_handicap,FT,away_plus_2_5,239,0.6443514644351465,0.44207970055258533
liga-mx,escanteios_handicap,FT,away_plus_3_5,239,0.7615062761506276,0.6079674002527236
liga-mx,escanteios_handicap,FT,away_plus_4_5,239,0.8200836820083682,0.721962028761425
liga-mx,escanteios_handicap,FT,home_minus_1_5,239,0.4309623430962343,0.23698663006246667
liga-mx,escanteios_handicap,FT,home_minus_2_5,239,0.35564853556485354,0.22457342363339997
liga-mx,escanteios_handicap,FT,home_minus_3_5,239,0.2384937238493724,0.18274931212107706
liga-mx,escanteios_handicap,FT,home_minus_4_5,239,0.1799163179916318,0.14860996423694842
liga-mx,escanteios_handicap,FT,home_plus_1_5,239,0.6652719665271967,0.21631735402194638
liga-mx,escanteios_handicap,FT,home_plus_2_5,239,0.7405857740585774,0.19316723946109646
liga-mx,escanteios_handicap,FT,home_plus_3_5,239,0.8200836820083682,0.14770578848074234
liga-mx,escanteios_handicap,FT,home_plus_4_5,239,0.8744769874476988,0.1121070558948387
liga-mx,escanteios_handicap,HT,away_minus_1_5,239,0.26778242677824265,0.41779088502933
liga-mx,escanteios_handicap,HT,away_minus_2_5,239,0.14225941422594143,0.6521593008865276
liga-mx,escanteios_handicap,HT,away_plus_1_5,239,0.6903765690376569,0.46131897014927264
liga-mx,escanteios_handicap,HT,away_plus_2_5,239,0.8242677824267782,0.6909101199443176
liga-mx,escanteios_handicap,HT,home_minus_1_5,239,0.30962343096234307,0.21809862947688707
liga-mx,escanteios_handicap,HT,home_minus_2_5,239,0.17573221757322174,0.14714495364181396
liga-mx,escanteios_handicap,HT,home_plus_1_5,239,0.7322175732217573,0.19859364862348433
liga-mx,escanteios_handicap,HT,home_plus_2_5,239,0.8577405857740585,0.12431866296133084
liga-mx,escanteios_oddeven,FT,impar,239,0.5439330543933054,0.24999995349952248
liga-mx,escanteios_oddeven,FT,par,239,0.4560669456066946,0.24999995347098744
liga-mx,escanteios_oddeven,HT,impar,239,0.5271966527196653,0.25002340435257936
liga-mx,escanteios_oddeven,HT,par,239,0.47280334728033474,0.25002340435257936
liga-mx,faltas,FT,over,3346,0.6120741183502689,0.20024772778502117
liga-mx,faltas,FT,under,3346,0.387925881649731,0.20024772778502117
liga-mx,gols,2T,over,956,0.37552301255230125,0.1831040639551814
liga-mx,gols,2T,under,956,0.6244769874476988,0.1831040639551814
liga-mx,gols,FT,over,3824,0.3569560669456067,0.146707561211087
liga-mx,gols,FT,under,3824,0.6430439330543933,0.146707561211087
liga-mx,gols,HT,over,1912,0.321652719665272,0.17357294460324027
liga-mx,gols,HT,under,1912,0.678347280334728,0.17357294460324027
liga-mx,gols_oddeven,FT,impar,239,0.49372384937238495,0.2510864618833938
liga-mx,gols_oddeven,FT,par,239,0.5062761506276151,0.25108646188086386
liga-mx,gols_oddeven,HT,impar,239,0.46443514644351463,0.24838379362317523
liga-mx,gols_oddeven,HT,par,239,0.5355648535564853,0.24838379361494295
liga-mx,impedimentos,FT,over,2390,0.40543933054393305,0.19834102573874668
liga-mx,impedimentos,FT,under,2390,0.5945606694560669,0.19834102573874668
ligue-1,1x2,FT,away,1520,0.325,0.20883116953427946
ligue-1,1x2,FT,draw,1520,0.2388157894736842,0.18100496493670554
ligue-1,1x2,FT,home,1520,0.4361842105263158,0.23291678133549476
ligue-1,1x2,HT,away,1520,0.2723684210526316,0.19456682784874868
ligue-1,1x2,HT,draw,1520,0.39473684210526316,0.24391201095770615
ligue-1,1x2,HT,home,1520,0.33289473684210524,0.21593769846725397
ligue-1,btts,FT,nao,1520,0.45394736842105265,0.2571562130325839
ligue-1,btts,FT,sim,1520,0.5460526315789473,0.2571562130325839
ligue-1,btts,HT,nao,1520,0.7921052631578948,0.1673698175526225
ligue-1,btts,HT,sim,1520,0.20789473684210527,0.1673698175526225
ligue-1,cartoes,FT,over,22800,0.4683771929824561,0.1711399308843621
ligue-1,cartoes,FT,under,22800,0.5316228070175438,0.1711399308843621
ligue-1,cartoes,HT,over,12160,0.36225328947368424,0.19334614112665668
ligue-1,cartoes,HT,under,12160,0.6377467105263158,0.19334614112665668
ligue-1,cartoes_1x2,FT,away,1520,0.44473684210526315,0.24710783786795798
ligue-1,cartoes_1x2,FT,draw,1520,0.23355263157894737,0.17862667287109968
ligue-1,cartoes_1x2,FT,home,1520,0.32171052631578945,0.22188483532332176
ligue-1,chutes,FT,over,34960,0.46933638443935927,0.2000769834474365
ligue-1,chutes,FT,under,34960,0.5306636155606407,0.2000769834474365
ligue-1,chutes,HT,over,19760,0.5628036437246964,0.21989851418116121
ligue-1,chutes,HT,under,19760,0.4371963562753036,0.21989851418116121
ligue-1,chutes_1x2,FT,away,1520,0.36907894736842106,0.21296051009024392
ligue-1,chutes_1x2,FT,draw,1520,0.04802631578947368,0.046109488944692675
ligue-1,chutes_1x2,FT,home,1520,0.5828947368421052,0.21758016462873433
ligue-1,chutes_1x2,HT,away,1520,0.3782894736842105,0.21414785143098666
ligue-1,chutes_1x2,HT,draw,1520,0.07631578947368421,0.07149607972842635
ligue-1,chutes_1x2,HT,home,1520,0.5453947368421053,0.22371300612697864
ligue-1,chutes_alvo,FT,over,25840,0.4521284829721362,0.20410291885955786
ligue-1,chutes_alvo,FT,under,25840,0.5478715170278637,0.20410291885955786
ligue-1,chutes_alvo,HT,over,18240,0.4828399122807018,0.19623726479892536
ligue-1,chutes_alvo,HT,under,18240,0.5171600877192982,0.19623726479892536
ligue-1,chutes_alvo_1x2,FT,away,1520,0.3611842105263158,0.2356437787054371
ligue-1,chutes_alvo_1x2,FT,draw,1520,0.12236842105263158,0.1075586927826676
ligue-1,chutes_alvo_1x2,FT,home,1520,0.5164473684210527,0.25695135715958095
ligue-1,chutes_alvo_1x2,HT,away,1520,0.36973684210526314,0.2333689592843903
ligue-1,chutes_alvo_1x2,HT,draw,1520,0.1756578947368421,0.1471000480513004
ligue-1,chutes_alvo_1x2,HT,home,1520,0.45460526315789473,0.25235211737283886
ligue-1,dupla,FT,12,1520,0.7611842105263158,0.18100496493537188
ligue-1,dupla,FT,1x,1520,0.675,0.20883116952324818
ligue-1,dupla,FT,x2,1520,0.5638157894736842,0.23291678134785967
ligue-1,dupla,HT,12,1520,0.6052631578947368,0.24391201095377563
ligue-1,dupla,HT,1x,1520,0.7276315789473684,0.19456682784324633
ligue-1,dupla,HT,x2,1520,0.6671052631578948,0.21593769847668684
ligue-1,escanteios,FT,over,30400,0.3972039473684211,0.19035799780936474
ligue-1,escanteios,FT,under,30400,0.602796052631579,0.19035799780936474
ligue-1,escanteios,HT,over,22800,0.45399122807017545,0.18409448408291582
ligue-1,escanteios,HT,under,22800,0.5460087719298246,0.18409448408291582
ligue-1,escanteios_1x2,FT,away,1520,0.3638157894736842,0.22139664271649365
ligue-1,escanteios_1x2,FT,draw,1520,0.09868421052631579,0.08933528880126046
ligue-1,escanteios_1x2,FT,home,1520,0.5375,0.236160035330579
ligue-1,escanteios_1x2,HT,away,1520,0.35723684210526313,0.22226512486163824
ligue-1,escanteios_1x2,HT,draw,1520,0.14868421052631578,0.12924901079353493
ligue-1,escanteios_1x2,HT,home,1520,0.49407894736842106,0.2406057926179488
ligue-1,escanteios_handicap,FT,away_minus_1_5,1520,0.2855263157894737,0.2867663533716896
ligue-1,escanteios_handicap,FT,away_minus_2_5,1520,0.2,0.40761072181192887
ligue-1,escanteios_handicap,FT,away_minus_3_5,1520,0.1355263157894737,0.5581980200850528
ligue-1,escanteios_handicap,FT,away_minus_4_5,1520,0.1,0.6896661017773563
ligue-1,escanteios_handicap,FT,away_plus_1_5,1520,0.5703947368421053,0.3489513403536652
ligue-1,escanteios_handicap,FT,away_plus_2_5,1520,0.6539473684210526,0.4744342390306306
ligue-1,escanteios_handicap,FT,away_plus_3_5,1520,0.7427631578947368,0.6150939004360914
ligue-1,escanteios_handicap,FT,away_plus_4_5,1520,0.8144736842105263,0.7357615753221559
ligue-1,escanteios_handicap,FT,home_minus_1_5,1520,0.4296052631578947,0.2348376293311201
ligue-1,escanteios_handicap,FT,home_minus_2_5,1520,0.3460526315789474,0.2200364215182056
ligue-1,escanteios_handicap,FT,home_minus_3_5,1520,0.25723684210526315,0.1881071042289971
ligue-1,escanteios_handicap,FT,home_minus_4_5,1520,0.18552631578947368,0.15112812116447766
ligue-1,escanteios_handicap,FT,home_plus_1_5,1520,0.7144736842105263,0.1977297530698596
ligue-1,escanteios_handicap,FT,home_plus_2_5,1520,0.8,0.15624749102595492
ligue-1,escanteios_handicap,FT,home_plus_3_5,1520,0.8644736842105263,0.11685797712699914
ligue-1,escanteios_handicap,FT,home_plus_4_5,1520,0.9,0.09120805685197167
ligue-1,escanteios_handicap,HT,away_minus_1_5,1520,0.22697368421052633,0.41805131978671806
ligue-1,escanteios_handicap,HT,away_minus_2_5,1520,0.13223684210526315,0.6439767773186882
ligue-1,escanteios_handicap,HT,away_plus_1_5,1520,0.6585526315789474,0.45200854957679365
ligue-1,escanteios_handicap,HT,away_plus_2_5,1520,0.7894736842105263,0.6702188076941688
ligue-1,escanteios_handicap,HT,home_minus_1_5,1520,0.3414473684210526,0.221375700839823
ligue-1,escanteios_handicap,HT,home_minus_2_5,1520,0.21052631578947367,0.1662741953945531
ligue-1,escanteios_handicap,HT,home_plus_1_5,1520,0.7730263157894737,0.17321277422447862
ligue-1,escanteios_handicap,HT,home_plus_2_5,1520,0.8677631578947368,0.11599134389541854
ligue-1,escanteios_oddeven,FT,impar,1520,0.5151315789473684,0.2500000007325056
ligue-1,escanteios_oddeven,FT,par,1520,0.48486842105263156,0.25000000073244344
ligue-1,escanteios_oddeven,HT,impar,1520,0.5026315789473684,0.25000308040390584
ligue-1,escanteios_oddeven,HT,par,1520,0.49736842105263157,0.25000308040390584
ligue-1,faltas,FT,over,21280,0.5721334586466166,0.19674778963922784
ligue-1,faltas,FT,under,21280,0.4278665413533835,0.19674778963922784
ligue-1,gols,2T,over,6080,0.38223684210526315,0.16269042723064991
ligue-1,gols,2T,under,6080,0.6177631578947368,0.16269042723064991
ligue-1,gols,FT,over,24320,0.3483552631578947,0.13963115562755182
ligue-1,gols,FT,under,24320,0.6516447368421052,0.13963115562755182
ligue-1,gols,HT,over,12160,0.3059210526315789,0.16589714978556214
ligue-1,gols,HT,under,12160,0.694078947368421,0.16589714978556214
ligue-1,gols_oddeven,FT,impar,1520,0.49473684210526314,0.25000809128969503
ligue-1,gols_oddeven,FT,par,1520,0.5052631578947369,0.2500080912931134
ligue-1,gols_oddeven,HT,impar,1520,0.4730263157894737,0.2523173883180976
ligue-1,gols_oddeven,HT,par,1520,0.5269736842105263,0.25231738831841427
ligue-1,impedimentos,FT,over,15200,0.4275,0.202002100806194
ligue-1,impedimentos,FT,under,15200,0.5725,0.202002100806194
premier-league,1x2,FT,away,1721,0.3190005810575247,0.2036141895783724
premier-league,1x2,FT,draw,1721,0.2347472399767577,0.18087807396991162
premier-league,1x2,FT,home,1721,0.4462521789657176,0.2368576082286976
premier-league,1x2,HT,away,1721,0.26147588611272515,0.18985516082393333
premier-league,1x2,HT,draw,1721,0.3800116211504939,0.2363046794373641
premier-league,1x2,HT,home,1721,0.35851249273678093,0.21973333612967122
premier-league,btts,FT,nao,1721,0.44450900639163277,0.2563328994040937
premier-league,btts,FT,sim,1721,0.5554909936083672,0.2563328994040937
premier-league,btts,HT,nao,1721,0.7902382335851249,0.16831184225583853
premier-league,btts,HT,sim,1721,0.20976176641487507,0.16831184225583853
premier-league,cartoes,FT,over,25815,0.4642649622312609,0.17298108725089478
premier-league,cartoes,FT,under,25815,0.5357350377687391,0.17298108725089478
premier-league,cartoes,HT,over,13768,0.33004067402672865,0.18269806691642307
premier-league,cartoes,HT,under,13768,0.6699593259732713,0.18269806691642307
premier-league,cartoes_1x2,FT,away,1721,0.45613015688553166,0.24943801344798733
premier-league,cartoes_1x2,FT,draw,1721,0.23242300987797793,0.17885280777731738
premier-league,cartoes_1x2,FT,home,1721,0.3114468332364904,0.21679359071786683
premier-league,chutes,FT,over,39583,0.5122653664451912,0.21395977013716824
premier-league,chutes,FT,under,39583,0.4877346335548089,0.21395977013716824
premier-league,chutes,HT,over,22373,0.5992490948911634,0.2195716626242022
premier-league,chutes,HT,under,22373,0.40075090510883654,0.2195716626242022
premier-league,chutes_1x2,FT,away,1721,0.3637420104590354,0.18664659503440373
premier-league,chutes_1x2,FT,draw,1721,0.03834979662986636,0.037458814634585835
premier-league,chutes_1x2,FT,home,1721,0.5979081929110982,0.19176165682129676
premier-league,chutes_1x2,HT,away,1721,0.3689715281812899,0.19863262885408767
premier-league,chutes_1x2,HT,draw,1721,0.06798373038930854,0.0644611716695788
premier-league,chutes_1x2,HT,home,1721,0.5630447414294015,0.2078634562969428
premier-league,chutes_alvo,FT,over,29257,0.4582151280035547,0.20050757407238845
premier-league,chutes_alvo,FT,under,29257,0.5417848719964453,0.20050757407238845
premier-league,chutes_alvo,HT,over,20652,0.4874104202982762,0.19780547664184445
premier-league,chutes_alvo,HT,under,20652,0.5125895797017238,0.19780547664184445
premier-league,chutes_alvo_1x2,FT,away,1721,0.3649041255084253,0.2362854541933243
premier-league,chutes_alvo_1x2,FT,draw,1721,0.0999418942475305,0.09121710681250153
premier-league,chutes_alvo_1x2,FT,home,1721,0.5351539802440441,0.25935215208916124
premier-league,chutes_alvo_1x2,HT,away,1721,0.34921557234166184,0.22895093117772713
premier-league,chutes_alvo_1x2,HT,draw,1721,0.1841952353282975,0.15156144366469815
premier-league,chutes_alvo_1x2,HT,home,1721,0.46658919233004065,0.2547321729904732
premier-league,dupla,FT,12,1721,0.7652527600232423,0.1808780739684212
premier-league,dupla,FT,1x,1721,0.6809994189424753,0.20361418957687083
premier-league,dupla,FT,x2,1721,0.5537478210342824,0.2368576082316896
premier-league,dupla,HT,12,1721,0.6199883788495061,0.23630467943343267
premier-league,dupla,HT,1x,1721,0.7385241138872748,0.1898551608143984
premier-league,dupla,HT,x2,1721,0.641487507263219,0.2197333361434608
premier-league,escanteios,FT,over,34420,0.45889018012783267,0.20586271539879997
premier-league,escanteios,FT,under,34420,0.5411098198721673,0.20586271539879997
premier-league,escanteios,HT,over,25815,0.48576409064497383,0.1880248363880824
premier-league,escanteios,HT,under,25815,0.5142359093550262,0.1880248363880824
premier-league,escanteios_1x2,FT,away,1721,0.3747821034282394,0.214547827143431
premier-league,escanteios_1x2,FT,draw,1721,0.084253341080767,0.07758985780673118
premier-league,escanteios_1x2,FT,home,1721,0.5409645554909936,0.2242035853855914
premier-league,escanteios_1x2,HT,away,1721,0.3660662405578152,0.21762383297014962
premier-league,escanteios_1x2,HT,draw,1721,0.12957582800697268,0.11616613186149256
premier-league,escanteios_1x2,HT,home,1721,0.5043579314352121,0.23245424655775265
premier-league,escanteios_handicap,FT,away_minus_1_5,1721,0.29227193492155723,0.269715715367641
premier-league,escanteios_handicap,FT,away_minus_2_5,1721,0.23881464264962232,0.3658380068617667
premier-league,escanteios_handicap,FT,away_minus_3_5,1721,0.16908773968622895,0.5005897512148622
premier-league,escanteios_handicap,FT,away_minus_4_5,1721,0.12667054038349795,0.6283798403390757
premier-league,escanteios_handicap,FT,away_plus_1_5,1721,0.5514235909355026,0.31852839567041913
premier-league,escanteios_handicap,FT,away_plus_2_5,1721,0.6345148169668797,0.4364413558418066
premier-league,escanteios_handicap,FT,away_plus_3_5,1721,0.704822777454968,0.5587792272162981
premier-league,escanteios_handicap,FT,away_plus_4_5,1721,0.768158047646717,0.6715168130351803
premier-league,escanteios_handicap,FT,home_minus_1_5,1721,0.44857640906449736,0.22036272090986334
premier-league,escanteios_handicap,FT,home_minus_2_5,1721,0.3654851830331203,0.20828562441048123
premier-league,escanteios_handicap,FT,home_minus_3_5,1721,0.295177222545032,0.1898192306641727
premier-league,escanteios_handicap,FT,home_minus_4_5,1721,0.23184195235328298,0.16653510840123328
premier-league,escanteios_handicap,FT,home_plus_1_5,1721,0.7077280650784428,0.19234244427267733
premier-league,escanteios_handicap,FT,home_plus_2_5,1721,0.7611853573503777,0.17501915442913962
premier-league,escanteios_handicap,FT,home_plus_3_5,1721,0.8309122603137711,0.1367296943989075
premier-league,escanteios_handicap,FT,home_plus_4_5,1721,0.873329459616502,0.10906361491976498
premier-league,escanteios_handicap,HT,away_minus_1_5,1721,0.23765252760023242,0.39272444363061304
premier-league,escanteios_handicap,HT,away_minus_2_5,1721,0.1411969785008716,0.6098576635086246
premier-league,escanteios_handicap,HT,away_plus_1_5,1721,0.6397443346891343,0.42499682434696895
premier-league,escanteios_handicap,HT,away_plus_2_5,1721,0.7594421847762929,0.6302536311264556
premier-league,escanteios_handicap,HT,home_minus_1_5,1721,0.3602556653108658,0.216935083705055
premier-league,escanteios_handicap,HT,home_minus_2_5,1721,0.24055781522370714,0.17842344036731744
premier-league,escanteios_handicap,HT,home_plus_1_5,1721,0.7623474723997675,0.1742834044203766
premier-league,escanteios_handicap,HT,home_plus_2_5,1721,0.8588030214991285,0.1194518013462946
premier-league,escanteios_oddeven,FT,impar,1721,0.5235328297501453,0.24999999939353862
premier-league,escanteios_oddeven,FT,par,1721,0.47646717024985474,0.2499999994112951
premier-league,escanteios_oddeven,HT,impar,1721,0.5095874491574666,0.2500119180128567
premier-league,escanteios_oddeven,HT,par,1721,0.49041255084253343,0.2500119180128567
premier-league,faltas,FT,over,24094,0.4301070806009795,0.19353698250360696
premier-league,faltas,FT,under,24094,0.5698929193990205,0.19353698250360696
premier-league,gols,2T,over,6884,0.4006391632771644,0.1636057031785045
premier-league,gols,2T,under,6884,0.5993608367228356,0.1636057031785045
premier-league,gols,FT,over,27536,0.3633425334108077,0.14051880874348543
premier-league,gols,FT,under,27536,0.6366574665891923,0.14051880874348543
premier-league,gols,HT,over,13768,0.31791109819872165,0.16615908492461745
premier-league,gols,HT,under,13768,0.6820889018012783,0.16615908492461745
premier-league,gols_oddeven,FT,impar,1721,0.495061011040093,0.2500231074429778
premier-league,gols_oddeven,FT,par,1721,0.5049389889599071,0.25002310744634704
premier-league,gols_oddeven,HT,impar,1721,0.47356188262638,0.250578764659226
premier-league,gols_oddeven,HT,par,1721,0.52643811737362,0.25057876466156953
premier-league,impedimentos,FT,over,17210,0.4466008134805346,0.20640484843988288
premier-league,impedimentos,FT,under,17210,0.5533991865194654,0.20640484843988288
primeira-liga,1x2,FT,away,214,0.2850467289719626,0.17720690126183375
primeira-liga,1x2,FT,draw,214,0.2850467289719626,0.20207498958481074
primeira-liga,1x2,FT,home,214,0.42990654205607476,0.2131166435262547
primeira-liga,1x2,HT,away,214,0.2383177570093458,0.16354350092362904
primeira-liga,1x2,HT,draw,214,0.4485981308411215,0.25382682845943544
primeira-liga,1x2,HT,home,214,0.3130841121495327,0.193728248329211
primeira-liga,btts,FT,nao,214,0.4953271028037383,0.2900119497510158
primeira-liga,btts,FT,sim,214,0.5046728971962616,0.2900119497510158
primeira-liga,btts,HT,nao,214,0.822429906542056,0.15397693836093732
primeira-liga,btts,HT,sim,214,0.17757009345794392,0.15397693836093732
primeira-liga,cartoes,FT,over,3210,0.564797507788162,0.18537615552519182
primeira-liga,cartoes,FT,under,3210,0.435202492211838,0.18537615552519182
primeira-liga,cartoes,HT,over,1712,0.3808411214953271,0.19196926492756466
primeira-liga,cartoes,HT,under,1712,0.6191588785046729,0.19196926492756466
primeira-liga,cartoes_1x2,FT,away,214,0.40654205607476634,0.2548010186971629
primeira-liga,cartoes_1x2,FT,draw,214,0.205607476635514,0.16430078582381094
primeira-liga,cartoes_1x2,FT,home,214,0.3878504672897196,0.2413284080726751
primeira-liga,chutes,FT,over,4922,0.43376676147907356,0.20687795278846374
primeira-liga,chutes,FT,under,4922,0.5662332385209264,0.20687795278846374
primeira-liga,chutes,HT,over,2782,0.5204888569374551,0.23678964079929282
primeira-liga,chutes,HT,under,2782,0.47951114306254494,0.23678964079929282
primeira-liga,chutes_1x2,FT,away,214,0.397196261682243,0.19465449604659918
primeira-liga,chutes_1x2,FT,draw,214,0.0514018691588785,0.0484740500286672
primeira-liga,chutes_1x2,FT,home,214,0.5514018691588785,0.19696942311939009
primeira-liga,chutes_1x2,HT,away,214,0.42990654205607476,0.21148577944848373
primeira-liga,chutes_1x2,HT,draw,214,0.09345794392523364,0.08428908275505974
primeira-liga,chutes_1x2,HT,home,214,0.4766355140186916,0.20918358772065226
primeira-liga,chutes_alvo,FT,over,3638,0.38702583837273224,0.18834366623507665
primeira-liga,chutes_alvo,FT,under,3638,0.6129741616272677,0.18834366623507665
primeira-liga,chutes_alvo,HT,over,2568,0.42289719626168226,0.17894847007512865
primeira-liga,chutes_alvo,HT,under,2568,0.5771028037383178,0.17894847007512865
primeira-liga,chutes_alvo_1x2,FT,away,214,0.3878504672897196,0.23918654433919204
primeira-liga,chutes_alvo_1x2,FT,draw,214,0.11214953271028037,0.10038928498415868
primeira-liga,chutes_alvo_1x2,FT,home,214,0.5,0.2549333317977472
primeira-liga,chutes_alvo_1x2,HT,away,214,0.3878504672897196,0.23738338468206763
primeira-liga,chutes_alvo_1x2,HT,draw,214,0.19158878504672897,0.1562666699376775
primeira-liga,chutes_alvo_1x2,HT,home,214,0.4205607476635514,0.24495555776340658
primeira-liga,dupla,FT,12,214,0.7149532710280374,0.20207498958639433
primeira-liga,dupla,FT,1x,214,0.7149532710280374,0.1772069012619981
primeira-liga,dupla,FT,x2,214,0.5700934579439252,0.2131166435245067
primeira-liga,dupla,HT,12,214,0.5514018691588785,0.2538268284511893
primeira-liga,dupla,HT,1x,214,0.7616822429906542,0.1635435009273553
primeira-liga,dupla,HT,x2,214,0.6869158878504673,0.1937282483337309
primeira-liga,escanteios,FT,over,4280,0.4135514018691589,0.2070621586056414
primeira-liga,escanteios,FT,under,4280,0.5864485981308412,0.2070621586056414
primeira-liga,escanteios,HT,over,3210,0.4542056074766355,0.19650624200384137
primeira-liga,escanteios,HT,under,3210,0.5457943925233645,0.19650624200384137
primeira-liga,escanteios_1x2,FT,away,214,0.4252336448598131,0.22222192093915538
primeira-liga,escanteios_1x2,FT,draw,214,0.0794392523364486,0.07457235292588496
primeira-liga,escanteios_1x2,FT,home,214,0.4953271028037383,0.2276190120562041
primeira-liga,escanteios_1x2,HT,away,214,0.45794392523364486,0.2403570683601428
primeira-liga,escanteios_1x2,HT,draw,214,0.102803738317757,0.10354870199080633
primeira-liga,escanteios_1x2,HT,home,214,0.4392523364485981,0.22813590403296405
primeira-liga,escanteios_handicap,FT,away_minus_1_5,214,0.3644859813084112,0.30792078571873954
primeira-liga,escanteios_handicap,FT,away_minus_2_5,214,0.29439252336448596,0.42029682214436154
primeira-liga,escanteios_handicap,FT,away_minus_3_5,214,0.2336448598130841,0.5568859283118013
primeira-liga,escanteios_handicap,FT,away_minus_4_5,214,0.16822429906542055,0.6845857872940774
primeira-liga,escanteios_handicap,FT,away_plus_1_5,214,0.5981308411214953,0.304931679207397
primeira-liga,escanteios_handicap,FT,away_plus_2_5,214,0.6822429906542056,0.42141417611183635
primeira-liga,escanteios_handicap,FT,away_plus_3_5,214,0.7336448598130841,0.5392666221204989
primeira-liga,escanteios_handicap,FT,away_plus_4_5,214,0.8084112149532711,0.6760393238679284
primeira-liga,escanteios_handicap,FT,home_minus_1_5,214,0.40186915887850466,0.2213458806291391
primeira-liga,escanteios_handicap,FT,home_minus_2_5,214,0.3177570093457944,0.20093070382352707
primeira-liga,escanteios_handicap,FT,home_minus_3_5,214,0.26635514018691586,0.18995127207680876
primeira-liga,escanteios_handicap,FT,home_minus_4_5,214,0.19158878504672897,0.15466034395562206
primeira-liga,escanteios_handicap,FT,home_plus_1_5,214,0.6355140186915887,0.21962695379197686
primeira-liga,escanteios_handicap,FT,home_plus_2_5,214,0.705607476635514,0.1967385586940024
primeira-liga,escanteios_handicap,FT,home_plus_3_5,214,0.7663551401869159,0.18063930904559442
primeira-liga,escanteios_handicap,FT,home_plus_4_5,214,0.8317757009345794,0.1374779727171632
primeira-liga,escanteios_handicap,HT,away_minus_1_5,214,0.35046728971962615,0.3894223375434314
primeira-liga,escanteios_handicap,HT,away_minus_2_5,214,0.19158878504672897,0.6401773876063863
primeira-liga,escanteios_handicap,HT,away_plus_1_5,214,0.7009345794392523,0.43637475398465897
primeira-liga,escanteios_handicap,HT,away_plus_2_5,214,0.7990654205607477,0.6447514236845443
primeira-liga,escanteios_handicap,HT,home_minus_1_5,214,0.29906542056074764,0.200108146770069
primeira-liga,escanteios_handicap,HT,home_minus_2_5,214,0.20093457943925233,0.1632938029153124
primeira-liga,escanteios_handicap,HT,home_plus_1_5,214,0.6495327102803738,0.2332300084151794
primeira-liga,escanteios_handicap,HT,home_plus_2_5,214,0.8084112149532711,0.15713940725370604
primeira-liga,escanteios_oddeven,FT,impar,214,0.5046728971962616,0.2499999435654437
primeira-liga,escanteios_oddeven,FT,par,214,0.4953271028037383,0.2499999435584995
primeira-liga,escanteios_oddeven,HT,impar,214,0.4672897196261682,0.24998214450245765
primeira-liga,escanteios_oddeven,HT,par,214,0.5327102803738317,0.2499821445024577
primeira-liga,faltas,FT,over,2996,0.6979305740987984,0.1766236453415635
primeira-liga,faltas,FT,under,2996,0.3020694259012016,0.1766236453415635
primeira-liga,gols,2T,over,856,0.3796728971962617,0.1672495632025903
primeira-liga,gols,2T,under,856,0.6203271028037384,0.1672495632025903
primeira-liga,gols,FT,over,3424,0.3332359813084112,0.14042357283568707
primeira-liga,gols,FT,under,3424,0.6667640186915887,0.14042357283568707
primeira-liga,gols,HT,over,1712,0.2821261682242991,0.16189425099601942
primeira-liga,gols,HT,under,1712,0.717873831775701,0.16189425099601942
primeira-liga,gols_oddeven,FT,impar,214,0.4953271028037383,0.25018608302686585
primeira-liga,gols_oddeven,FT,par,214,0.5046728971962616,0.2501860830192392
primeira-liga,gols_oddeven,HT,impar,214,0.42990654205607476,0.24519659355026643
primeira-liga,gols_oddeven,HT,par,214,0.5700934579439252,0.24519659354642634
primeira-liga,impedimentos,FT,over,2140,0.3780373831775701,0.20543382272217028
primeira-liga,impedimentos,FT,under,2140,0.6219626168224299,0.20543382272217028
serie-a,1x2,FT,away,1718,0.3259604190919674,0.19636927866901258
serie-a,1x2,FT,draw,1718,0.27182770663562283,0.20164229635471045
serie-a,1x2,FT,home,1718,0.4022118742724098,0.2276609781565942
serie-a,1x2,HT,away,1718,0.270081490104773,0.19020559591023584
serie-a,1x2,HT,draw,1718,0.42083818393480793,0.24419412902826618
serie-a,1x2,HT,home,1718,0.30908032596041907,0.2043172218616825
serie-a,btts,FT,nao,1718,0.4970896391152503,0.2552126213215671
serie-a,btts,FT,sim,1718,0.5029103608847497,0.2552126213215671
serie-a,btts,HT,nao,1718,0.8242142025611175,0.1453979621569259
serie-a,btts,HT,sim,1718,0.17578579743888242,0.1453979621569259
serie-a,cartoes,FT,over,25770,0.509662398137369,0.16806198750952106
serie-a,cartoes,FT,under,25770,0.490337601862631,0.16806198750952106
serie-a,cartoes,HT,over,13744,0.3620488940628638,0.18260570865865763
serie-a,cartoes,HT,under,13744,0.6379511059371362,0.18260570865865763
serie-a,cartoes_1x2,FT,away,1718,0.46332945285215366,0.24782058553010794
serie-a,cartoes_1x2,FT,draw,1718,0.21187427240977882,0.16718388448354127
serie-a,cartoes_1x2,FT,home,1718,0.32479627473806755,0.21704714330157654
serie-a,chutes,FT,over,39514,0.47707141772536316,0.2078904141513759
serie-a,chutes,FT,under,39514,0.5229285822746368,0.2078904141513759
serie-a,chutes,HT,over,22334,0.5711919047192621,0.22160846931148426
serie-a,chutes,HT,under,22334,0.4288080952807379,0.22160846931148426
serie-a,chutes_1x2,FT,away,1718,0.36554132712456344,0.203958415551061
serie-a,chutes_1x2,FT,draw,1718,0.050058207217694994,0.04780939716580312
serie-a,chutes_1x2,FT,home,1718,0.5844004656577415,0.21112482224225224
serie-a,chutes_1x2,HT,away,1718,0.37077997671711294,0.2103557398365749
serie-a,chutes_1x2,HT,draw,1718,0.10477299185098952,0.09352548505288999
serie-a,chutes_1x2,HT,home,1718,0.5244470314318975,0.22309977750226725
serie-a,chutes_alvo,FT,over,29206,0.3928987194412107,0.19449417963918045
serie-a,chutes_alvo,FT,under,29206,0.6071012805587893,0.19449417963918045
serie-a,chutes_alvo,HT,over,20616,0.44208381839348077,0.1876627934962225
serie-a,chutes_alvo,HT,under,20616,0.5579161816065192,0.1876627934962225
serie-a,chutes_alvo_1x2,FT,away,1718,0.370197904540163,0.2367760057900221
serie-a,chutes_alvo_1x2,FT,draw,1718,0.11583236321303841,0.10294931472344725
serie-a,chutes_alvo_1x2,FT,home,1718,0.5139697322467986,0.25678246996518234
serie-a,chutes_alvo_1x2,HT,away,1718,0.3538998835855646,0.22972167711248656
serie-a,chutes_alvo_1x2,HT,draw,1718,0.18742724097788127,0.15375627885231208
serie-a,chutes_alvo_1x2,HT,home,1718,0.4586728754365541,0.25344284182472887
serie-a,dupla,FT,12,1718,0.7281722933643772,0.20164229635356554
serie-a,dupla,FT,1x,1718,0.6740395809080326,0.1963692786682951
serie-a,dupla,FT,x2,1718,0.5977881257275902,0.22766097815845662
serie-a,dupla,HT,12,1718,0.5791618160651921,0.24419412902611423
serie-a,dupla,HT,1x,1718,0.729918509895227,0.19020559590691652
serie-a,dupla,HT,x2,1718,0.6909196740395809,0.2043172218671537
serie-a,escanteios,FT,over,34360,0.39033760186263095,0.1935526166110144
serie-a,escanteios,FT,under,34360,0.609662398137369,0.1935526166110144
serie-a,escanteios,HT,over,25770,0.44062863795110596,0.18455584718128343
serie-a,escanteios,HT,under,25770,0.559371362048894,0.18455584718128343
serie-a,escanteios_1x2,FT,away,1718,0.36554132712456344,0.2199384751992596
serie-a,escanteios_1x2,FT,draw,1718,0.08963911525029103,0.082600254400741
serie-a,escanteios_1x2,FT,home,1718,0.5448195576251456,0.2314238385384894
serie-a,escanteios_1x2,HT,away,1718,0.3585564610011641,0.22142642542519184
serie-a,escanteios_1x2,HT,draw,1718,0.15715948777648428,0.1348023248251712
serie-a,escanteios_1x2,HT,home,1718,0.4842840512223516,0.23997615498511102
serie-a,escanteios_handicap,FT,away_minus_1_5,1718,0.27357392316647267,0.2822264875612428
serie-a,escanteios_handicap,FT,away_minus_2_5,1718,0.20430733410942956,0.398359232597725
serie-a,escanteios_handicap,FT,away_minus_3_5,1718,0.13969732246798602,0.5453906234559829
serie-a,escanteios_handicap,FT,away_minus_4_5,1718,0.09022118742724097,0.6886383813776734
serie-a,escanteios_handicap,FT,away_plus_1_5,1718,0.5500582072176949,0.33546991519387337
serie-a,escanteios_handicap,FT,away_plus_2_5,1718,0.6356228172293364,0.46035170897118644
serie-a,escanteios_handicap,FT,away_plus_3_5,1718,0.7176949941792782,0.5944511697565399
serie-a,escanteios_handicap,FT,away_plus_4_5,1718,0.7904540162980209,0.7140412163397023
serie-a,escanteios_handicap,FT,home_minus_1_5,1718,0.449941792782305,0.2302628110101993
serie-a,escanteios_handicap,FT,home_minus_2_5,1718,0.36437718277066355,0.22106221366767326
serie-a,escanteios_handicap,FT,home_minus_3_5,1718,0.28230500582072177,0.197652421054274
serie-a,escanteios_handicap,FT,home_minus_4_5,1718,0.20954598370197905,0.16446771533152207
serie-a,escanteios_handicap,FT,home_plus_1_5,1718,0.7264260768335273,0.19121214633685418
serie-a,escanteios_handicap,FT,home_plus_2_5,1718,0.7956926658905704,0.16037787775370732
serie-a,escanteios_handicap,FT,home_plus_3_5,1718,0.860302677532014,0.119989340289439
serie-a,escanteios_handicap,FT,home_plus_4_5,1718,0.909778812572759,0.08225970913885194
serie-a,escanteios_handicap,HT,away_minus_1_5,1718,0.21420256111757857,0.4183275288008949
serie-a,escanteios_handicap,HT,away_minus_2_5,1718,0.10826542491268917,0.6568683950337143
serie-a,escanteios_handicap,HT,away_plus_1_5,1718,0.669965075669383,0.46222054947312996
serie-a,escanteios_handicap,HT,away_plus_2_5,1718,0.7939464493597206,0.6774696193247253
serie-a,escanteios_handicap,HT,home_minus_1_5,1718,0.330034924330617,0.21285802119464922
serie-a,escanteios_handicap,HT,home_minus_2_5,1718,0.2060535506402794,0.1628117927717392
serie-a,escanteios_handicap,HT,home_plus_1_5,1718,0.7857974388824214,0.16604960100210936
serie-a,escanteios_handicap,HT,home_plus_2_5,1718,0.8917345750873108,0.09623226600520199
serie-a,escanteios_oddeven,FT,impar,1718,0.5157159487776485,0.24999999701633874
serie-a,escanteios_oddeven,FT,par,1718,0.4842840512223516,0.2499999970167494
serie-a,escanteios_oddeven,HT,impar,1718,0.49417927823050056,0.2500105111163575
serie-a,escanteios_oddeven,HT,par,1718,0.5058207217694994,0.2500105111163575
serie-a,faltas,FT,over,24052,0.6079328122401464,0.1916730095610803
serie-a,faltas,FT,under,24052,0.39206718775985366,0.1916730095610803
serie-a,gols,2T,over,6872,0.3562281722933644,0.15826895080064163
serie-a,gols,2T,under,6872,0.6437718277066357,0.15826895080064163
serie-a,gols,FT,over,27488,0.31868451688009314,0.1291138545969145
serie-a,gols,FT,under,27488,0.6813154831199069,0.1291138545969145
serie-a,gols,HT,over,13744,0.27786670547147846,0.15244953876121695
serie-a,gols,HT,under,13744,0.7221332945285215,0.15244953876121695
serie-a,gols_oddeven,FT,impar,1718,0.4930151338766007,0.25038238236384297
serie-a,gols_oddeven,FT,par,1718,0.5069848661233993,0.2503823823628921
serie-a,gols_oddeven,HT,impar,1718,0.44761350407450523,0.2478230218224855
serie-a,gols_oddeven,HT,par,1718,0.5523864959254947,0.24782302182203983
serie-a,impedimentos,FT,over,17180,0.41938300349243307,0.2075842027648199
serie-a,impedimentos,FT,under,17180,0.5806169965075669,0.2075842027648199
serie-b-italia,1x2,FT,away,280,0.25,0.18973996042812513
serie-b-italia,1x2,FT,draw,280,0.29642857142857143,0.21390819086735363
serie-b-italia,1x2,FT,home,280,0.45357142857142857,0.25291952080558505
serie-b-italia,1x2,HT,away,280,0.22857142857142856,0.17800161257587085
serie-b-italia,1x2,HT,draw,280,0.4357142857142857,0.25457953290657925
serie-b-italia,1x2,HT,home,280,0.3357142857142857,0.22535121806039468
serie-b-italia,btts,FT,nao,280,0.48214285714285715,0.2733263730766315
serie-b-italia,btts,FT,sim,280,0.5178571428571429,0.2733263730766315
serie-b-italia,btts,HT,nao,280,0.8071428571428572,0.15956368196465756
serie-b-italia,btts,HT,sim,280,0.19285714285714287,0.15956368196465756
serie-b-italia,cartoes,FT,over,4200,0.549047619047619,0.17825307572984142
serie-b-italia,cartoes,FT,under,4200,0.45095238095238094,0.17825307572984142
serie-b-italia,cartoes,HT,over,2240,0.4236607142857143,0.19921090541533448
serie-b-italia,cartoes,HT,under,2240,0.5763392857142857,0.19921090541533448
serie-b-italia,cartoes_1x2,FT,away,280,0.49642857142857144,0.2593786768826922
serie-b-italia,cartoes_1x2,FT,draw,280,0.175,0.1455054297521294
serie-b-italia,cartoes_1x2,FT,home,280,0.32857142857142857,0.2300965904324515
serie-b-italia,chutes,FT,over,6440,0.5273291925465838,0.20520434762041992
serie-b-italia,chutes,FT,under,6440,0.47267080745341616,0.20520434762041992
serie-b-italia,chutes,HT,over,3640,0.6197802197802198,0.20696765597260747
serie-b-italia,chutes,HT,under,3640,0.3802197802197802,0.20696765597260747
serie-b-italia,chutes_1x2,FT,away,280,0.35,0.22180668255416133
serie-b-italia,chutes_1x2,FT,draw,280,0.06428571428571428,0.05962784299609617
serie-b-italia,chutes_1x2,FT,home,280,0.5857142857142857,0.2289423067725676
serie-b-italia,chutes_1x2,HT,away,280,0.35,0.21121357324128853
serie-b-italia,chutes_1x2,HT,draw,280,0.06785714285714285,0.06394505300642639
serie-b-italia,chutes_1x2,HT,home,280,0.5821428571428572,0.21933785301704178
serie-b-italia,chutes_alvo,FT,over,4760,0.41638655462184876,0.19859999688441746
serie-b-italia,chutes_alvo,FT,under,4760,0.5836134453781513,0.19859999688441746
serie-b-italia,chutes_alvo,HT,over,3360,0.4485119047619048,0.19279302653031297
serie-b-italia,chutes_alvo,HT,under,3360,0.5514880952380953,0.19279302653031297
serie-b-italia,chutes_alvo_1x2,FT,away,280,0.29285714285714287,0.2258109980645684
serie-b-italia,chutes_alvo_1x2,FT,draw,280,0.11785714285714285,0.10445865361296519
serie-b-italia,chutes_alvo_1x2,FT,home,280,0.5892857142857143,0.2674897573133428
serie-b-italia,chutes_alvo_1x2,HT,away,280,0.30714285714285716,0.21894194715798054
serie-b-italia,chutes_alvo_1x2,HT,draw,280,0.20357142857142857,0.16282201508318767
serie-b-italia,chutes_alvo_1x2,HT,home,280,0.48928571428571427,0.260683346097899
serie-b-italia,dupla,FT,12,280,0.7035714285714286,0.21390819086572707
serie-b-italia,dupla,FT,1x,280,0.75,0.1897399604227332
serie-b-italia,dupla,FT,x2,280,0.5464285714285714,0.2529195208126036
serie-b-italia,dupla,HT,12,280,0.5642857142857143,0.25457953290225904
serie-b-italia,dupla,HT,1x,280,0.7714285714285715,0.17800161257096211
serie-b-italia,dupla,HT,x2,280,0.6642857142857143,0.22535121806962366
serie-b-italia,escanteios,FT,over,5600,0.4160714285714286,0.19542700473930227
serie-b-italia,escanteios,FT,under,5600,0.5839285714285715,0.19542700473930227
serie-b-italia,escanteios,HT,over,4200,0.4685714285714286,0.1871905509475083
serie-b-italia,escanteios,HT,under,4200,0.5314285714285715,0.1871905509475083
serie-b-italia,escanteios_1x2,FT,away,280,0.37857142857142856,0.23156173942582836
serie-b-italia,escanteios_1x2,FT,draw,280,0.08928571428571429,0.0823271093640396
serie-b-italia,escanteios_1x2,FT,home,280,0.5321428571428571,0.24483811198873764
serie-b-italia,escanteios_1x2,HT,away,280,0.4,0.24293278493006712
serie-b-italia,escanteios_1x2,HT,draw,280,0.1392857142857143,0.12369207260865007
serie-b-italia,escanteios_1x2,HT,home,280,0.4607142857142857,0.24818144068667683
serie-b-italia,escanteios_handicap,FT,away_minus_1_5,280,0.2892857142857143,0.2968169492709201
serie-b-italia,escanteios_handicap,FT,away_minus_2_5,280,0.23214285714285715,0.3963133152991101
serie-b-italia,escanteios_handicap,FT,away_minus_3_5,280,0.15714285714285714,0.5421948734223844
serie-b-italia,escanteios_handicap,FT,away_minus_4_5,280,0.11785714285714285,0.6721846952356356
serie-b-italia,escanteios_handicap,FT,away_plus_1_5,280,0.55,0.3321455107401812
serie-b-italia,escanteios_handicap,FT,away_plus_2_5,280,0.6785714285714286,0.48466895635011786
serie-b-italia,escanteios_handicap,FT,away_plus_3_5,280,0.7464285714285714,0.6108961423093356
serie-b-italia,escanteios_handicap,FT,away_plus_4_5,280,0.8,0.7142134370569756
serie-b-italia,escanteios_handicap,FT,home_minus_1_5,280,0.45,0.24293372065965663
serie-b-italia,escanteios_handicap,FT,home_minus_2_5,280,0.32142857142857145,0.21806409950753822
serie-b-italia,escanteios_handicap,FT,home_minus_3_5,280,0.25357142857142856,0.19247913073966222
serie-b-italia,escanteios_handicap,FT,home_minus_4_5,280,0.2,0.16438931014414562
serie-b-italia,escanteios_handicap,FT,home_plus_1_5,280,0.7107142857142857,0.20453262588693247
serie-b-italia,escanteios_handicap,FT,home_plus_2_5,280,0.7678571428571429,0.17673402546925768
serie-b-italia,escanteios_handicap,FT,home_plus_3_5,280,0.8428571428571429,0.1301590189321217
serie-b-italia,escanteios_handicap,FT,home_plus_4_5,280,0.8821428571428571,0.10600359887651747
serie-b-italia,escanteios_handicap,HT,away_minus_1_5,280,0.225,0.42454663425105305
serie-b-italia,escanteios_handicap,HT,away_minus_2_5,280,0.11071428571428571,0.6626632418074723
serie-b-italia,escanteios_handicap,HT,away_plus_1_5,280,0.6964285714285714,0.4802260932218176
serie-b-italia,escanteios_handicap,HT,away_plus_2_5,280,0.7928571428571428,0.6724671584504633
serie-b-italia,escanteios_handicap,HT,home_minus_1_5,280,0.30357142857142855,0.21250571291741902
serie-b-italia,escanteios_handicap,HT,home_minus_2_5,280,0.20714285714285716,0.16834446500822148
serie-b-italia,escanteios_handicap,HT,home_plus_1_5,280,0.775,0.17232584182551983
serie-b-italia,escanteios_handicap,HT,home_plus_2_5,280,0.8892857142857142,0.09730829325009858
serie-b-italia,escanteios_oddeven,FT,impar,280,0.46785714285714286,0.24999999129703349
serie-b-italia,escanteios_oddeven,FT,par,280,0.5321428571428571,0.24999999129552206
serie-b-italia,escanteios_oddeven,HT,impar,280,0.5214285714285715,0.25001113748694903
serie-b-italia,escanteios_oddeven,HT,par,280,0.4785714285714286,0.250011137486949
serie-b-italia,faltas,FT,over,3920,0.7905612244897959,0.1459083548541781
serie-b-italia,faltas,FT,under,3920,0.2094387755102041,0.1459083548541781
serie-b-italia,gols,2T,over,1120,0.3517857142857143,0.15560735412531035
serie-b-italia,gols,2T,under,1120,0.6482142857142857,0.15560735412531035
serie-b-italia,gols,FT,over,4480,0.3169642857142857,0.13463465622093404
serie-b-italia,gols,FT,under,4480,0.6830357142857143,0.13463465622093404
serie-b-italia,gols,HT,over,2240,0.27901785714285715,0.15726747541422165
serie-b-italia,gols,HT,under,2240,0.7209821428571429,0.15726747541422165
serie-b-italia,gols_oddeven,FT,impar,280,0.48928571428571427,0.25004581437805096
serie-b-italia,gols_oddeven,FT,par,280,0.5107142857142857,0.2500458143789645
serie-b-italia,gols_oddeven,HT,impar,280,0.4392857142857143,0.24823206076802196
serie-b-italia,gols_oddeven,HT,par,280,0.5607142857142857,0.2482320607619278
serie-b-italia,impedimentos,FT,over,2800,0.44285714285714284,0.21545518211712847
serie-b-italia,impedimentos,FT,under,2800,0.5571428571428572,0.21545518211712847
superliga-argentina,1x2,FT,away,587,0.272572402044293,0.20724341731559792
superliga-argentina,1x2,FT,draw,587,0.3270868824531516,0.2223629025784485
superliga-argentina,1x2,FT,home,587,0.40034071550255534,0.2658053173908022
superliga-argentina,1x2,HT,away,587,0.20442930153321975,0.16859323586918068
superliga-argentina,1x2,HT,draw,587,0.4940374787052811,0.25711234166060326
superliga-argentina,1x2,HT,home,587,0.30153321976149916,0.22219360526667437
superliga-argentina,btts,FT,nao,587,0.5775127768313458,0.2744443005884531
superliga-argentina,btts,FT,sim,587,0.42248722316865417,0.2744443005884531
superliga-argentina,btts,HT,nao,587,0.8807495741056218,0.11059498851300016
superliga-argentina,btts,HT,sim,587,0.11925042589437819,0.11059498851300016
superliga-argentina,cartoes,FT,over,8805,0.6604202157864849,0.1722945432353379
superliga-argentina,cartoes,FT,under,8805,0.33957978421351503,0.1722945432353379
superliga-argentina,cartoes,HT,over,4696,0.5108603066439523,0.2149170006170225
superliga-argentina,cartoes,HT,under,4696,0.4891396933560477,0.2149170006170225
superliga-argentina,cartoes_1x2,FT,away,587,0.4855195911413969,0.25601976953963995
superliga-argentina,cartoes_1x2,FT,draw,587,0.19420783645655879,0.15712517200720091
superliga-argentina,cartoes_1x2,FT,home,587,0.3202725724020443,0.22058012267043212
superliga-argentina,chutes,FT,over,13501,0.41656173616769127,0.1944361792768882
superliga-argentina,chutes,FT,under,13501,0.5834382638323087,0.1944361792768882
superliga-argentina,chutes,HT,over,7631,0.5169702529157384,0.2173788218244253
superliga-argentina,chutes,HT,under,7631,0.48302974708426155,0.2173788218244253
superliga-argentina,chutes_1x2,FT,away,587,0.29471890971039183,0.19335511833438854
superliga-argentina,chutes_1x2,FT,draw,587,0.049403747870528106,0.04746744586851527
superliga-argentina,chutes_1x2,FT,home,587,0.65587734241908,0.2109155620666052
superliga-argentina,chutes_1x2,HT,away,587,0.3049403747870528,0.1986887367762245
superliga-argentina,chutes_1x2,HT,draw,587,0.08858603066439523,0.08073976493894819
superliga-argentina,chutes_1x2,HT,home,587,0.606473594548552,0.22149706843358447
superliga-argentina,chutes_alvo,FT,over,9979,0.3440224471389919,0.18197890546852985
superliga-argentina,chutes_alvo,FT,under,9979,0.6559775528610081,0.18197890546852985
superliga-argentina,chutes_alvo,HT,over,7044,0.3989210675752413,0.18168917551814673
superliga-argentina,chutes_alvo,HT,under,7044,0.6010789324247586,0.18168917551814673
superliga-argentina,chutes_alvo_1x2,FT,away,587,0.29131175468483816,0.22456780834765178
superliga-argentina,chutes_alvo_1x2,FT,draw,587,0.14991482112436116,0.12743435729229177
superliga-argentina,chutes_alvo_1x2,FT,home,587,0.5587734241908007,0.26419195973631354
superliga-argentina,chutes_alvo_1x2,HT,away,587,0.29471890971039183,0.2148889044760616
superliga-argentina,chutes_alvo_1x2,HT,draw,587,0.18057921635434412,0.15181023247193218
superliga-argentina,chutes_alvo_1x2,HT,home,587,0.524701873935264,0.2707266035827325
superliga-argentina,dupla,FT,12,587,0.6729131175468483,0.2223629025749831
superliga-argentina,dupla,FT,1x,587,0.727427597955707,0.2072434173109607
superliga-argentina,dupla,FT,x2,587,0.5996592844974447,0.2658053173989049
superliga-argentina,dupla,HT,12,587,0.5059625212947189,0.2571123416589239
superliga-argentina,dupla,HT,1x,587,0.7955706984667802,0.1685932358666709
superliga-argentina,dupla,HT,x2,587,0.6984667802385008,0.2221936052708635
superliga-argentina,escanteios,FT,over,11740,0.3456558773424191,0.18379709485188736
superliga-argentina,escanteios,FT,under,11740,0.6543441226575809,0.18379709485188736
superliga-argentina,escanteios,HT,over,8805,0.4073821692220329,0.17834304419846309
superliga-argentina,escanteios,HT,under,8805,0.592617830777967,0.17834304419846309
superliga-argentina,escanteios_1x2,FT,away,587,0.33560477001703576,0.22603701098654586
superliga-argentina,escanteios_1x2,FT,draw,587,0.10051107325383304,0.09029739891512593
superliga-argentina,escanteios_1x2,FT,home,587,0.5638841567291312,0.24252140724655738
superliga-argentina,escanteios_1x2,HT,away,587,0.3049403747870528,0.20724665681535243
superliga-argentina,escanteios_1x2,HT,draw,587,0.19250425894378195,0.15495617441885912
superliga-argentina,escanteios_1x2,HT,home,587,0.5025553662691652,0.24420104609031243
superliga-argentina,escanteios_handicap,FT,away_minus_1_5,587,0.23850085178875638,0.2834751404901593
superliga-argentina,escanteios_handicap,FT,away_minus_2_5,587,0.15502555366269166,0.4062468255386115
superliga-argentina,escanteios_handicap,FT,away_minus_3_5,587,0.10391822827938671,0.5502410387085388
superliga-argentina,escanteios_handicap,FT,away_minus_4_5,587,0.06473594548551959,0.6938344182279995
superliga-argentina,escanteios_handicap,FT,away_plus_1_5,587,0.5383304940374787,0.35885544188703855
superliga-argentina,escanteios_handicap,FT,away_plus_2_5,587,0.6235093696763203,0.4839962435955096
superliga-argentina,escanteios_handicap,FT,away_plus_3_5,587,0.7257240204429302,0.6306046579479793
superliga-argentina,escanteios_handicap,FT,away_plus_4_5,587,0.8091993185689949,0.7521287492141264
superliga-argentina,escanteios_handicap,FT,home_minus_1_5,587,0.4616695059625213,0.2472858192066865
superliga-argentina,escanteios_handicap,FT,home_minus_2_5,587,0.37649063032367974,0.23680797383108815
superliga-argentina,escanteios_handicap,FT,home_minus_3_5,587,0.27427597955706984,0.2021800347336038
superliga-argentina,escanteios_handicap,FT,home_minus_4_5,587,0.19080068143100512,0.15527526364497637
superliga-argentina,escanteios_handicap,FT,home_plus_1_5,587,0.7614991482112436,0.1834413424408201
superliga-argentina,escanteios_handicap,FT,home_plus_2_5,587,0.8449744463373083,0.13215046102167444
superliga-argentina,escanteios_handicap,FT,home_plus_3_5,587,0.8960817717206133,0.09309112443565222
superliga-argentina,escanteios_handicap,FT,home_plus_4_5,587,0.9352640545144804,0.06125452732052687
superliga-argentina,escanteios_handicap,HT,away_minus_1_5,587,0.16695059625212946,0.42965836526825973
superliga-argentina,escanteios_handicap,HT,away_minus_2_5,587,0.0868824531516184,0.6665511900748197
superliga-argentina,escanteios_handicap,HT,away_plus_1_5,587,0.6439522998296422,0.47289754442806026
superliga-argentina,escanteios_handicap,HT,away_plus_2_5,587,0.7853492333901193,0.6923582257035529
superliga-argentina,escanteios_handicap,HT,home_minus_1_5,587,0.35604770017035775,0.2313856867361574
superliga-argentina,escanteios_handicap,HT,home_minus_2_5,587,0.21465076660988075,0.17094642301182547
superliga-argentina,escanteios_handicap,HT,home_plus_1_5,587,0.8330494037478705,0.1368600768680711
superliga-argentina,escanteios_handicap,HT,home_plus_2_5,587,0.9131175468483816,0.07907374194428064
superliga-argentina,escanteios_oddeven,FT,impar,587,0.514480408858603,0.24999997356342166
superliga-argentina,escanteios_oddeven,FT,par,587,0.4855195911413969,0.24999997356356538
superliga-argentina,escanteios_oddeven,HT,impar,587,0.48722316865417375,0.24997480678125433
superliga-argentina,escanteios_oddeven,HT,par,587,0.5127768313458262,0.24997480678125433
superliga-argentina,faltas,FT,over,8218,0.6073253833049403,0.19245675173183932
superliga-argentina,faltas,FT,under,8218,0.39267461669505965,0.19245675173183932
superliga-argentina,gols,2T,over,2348,0.28023850085178875,0.14391317230946013
superliga-argentina,gols,2T,under,2348,0.7197614991482112,0.14391317230946013
superliga-argentina,gols,FT,over,9392,0.24776405451448041,0.12545418365056263
superliga-argentina,gols,FT,under,9392,0.7522359454855196,0.12545418365056263
superliga-argentina,gols,HT,over,4696,0.2116695059625213,0.1393103712765684
superliga-argentina,gols,HT,under,4696,0.7883304940374787,0.1393103712765684
superliga-argentina,gols_oddeven,FT,impar,587,0.47700170357751276,0.2503178979548983
superliga-argentina,gols_oddeven,FT,par,587,0.5229982964224872,0.25031789796275167
superliga-argentina,gols_oddeven,HT,impar,587,0.41567291311754684,0.244982070810908
superliga-argentina,gols_oddeven,HT,par,587,0.5843270868824532,0.2449820708106722
superliga-argentina,impedimentos,FT,over,5870,0.4325383304940375,0.21142321188441485
superliga-argentina,impedimentos,FT,under,5870,0.5674616695059626,0.21142321188441485
